topic,year,n_papers,n_authors,topic_share_t1,cross_topic_rate_t1,connectivity_t1,modularity_t1,bridge_concentration_t1,topic_growth,median_cites_2yr,log1p_median_c2,hit_rate_2yr,topic_share,cross_topic_rate,connectivity,modularity,bridge_concentration,avg_team_size,median_cites_3yr,citation_gini
3D Shape Modeling and Analysis,2020,29,135,0.011291460832745237,0.16363636363636364,2.981818181818182,0.8709101725163593,0.0,0.3059293567246115,4.0,1.6094379124341003,0.06896551724137931,0.015368309485956544,0.2074074074074074,4.4148148148148145,0.935093013828206,1.0,4.689655172413793,12.0,0.49733380732314253
3D Shape Modeling and Analysis,2021,23,117,0.015368309485956544,0.2074074074074074,4.4148148148148145,0.935093013828206,1.0,-0.42668834118980303,3.0,1.3862943611198906,0.30434782608695654,0.009995654063450673,0.1623931623931624,4.52991452991453,0.9407760768956924,1.0,5.173913043478261,8.0,0.5183946488294314
3D Shape Modeling and Analysis,2022,28,142,0.009995654063450673,0.1623931623931624,4.52991452991453,0.9407760768956924,1.0,0.006816055781230901,1.5,0.9162907318741551,0.10714285714285714,0.010064701653486701,0.23943661971830985,5.070422535211268,0.9385185185185185,1.0,5.214285714285714,5.5,0.7116204690831557
3D Shape Modeling and Analysis,2023,29,137,0.010064701653486701,0.23943661971830985,5.070422535211268,0.9385185185185185,1.0,-0.1898474429935444,1.0,0.6931471805599453,0.1724137931034483,0.008307075336579777,0.26277372262773724,5.124087591240876,0.923660310227521,1.0,4.9655172413793105,2.0,0.7855129039253957
Advanced Bandit Algorithms Research,2013,27,66,0.04155124653739612,0.15,2.05,0.8899464604402141,1.0,0.6119325269742415,3.0,1.3862943611198906,0.0,0.07670454545454546,0.21212121212121213,2.393939393939394,0.8852309099222679,0.9597989949748744,2.7777777777777777,7.0,0.4594168636721828
Advanced Bandit Algorithms Research,2014,28,63,0.07670454545454546,0.21212121212121213,2.393939393939394,0.8852309099222679,0.9597989949748744,-0.09632143883660227,2.0,1.0986122886681096,0.0,0.06965174129353234,0.23809523809523808,2.0952380952380953,0.8966262975778547,0.9680851063829786,2.607142857142857,4.0,0.5836236933797909
Advanced Bandit Algorithms Research,2015,32,91,0.06965174129353234,0.23809523809523808,2.0952380952380953,0.8966262975778547,0.9680851063829786,0.15596655621229738,3.0,1.3862943611198906,0.0,0.08142493638676845,0.21978021978021978,2.6373626373626373,0.9216583566696265,0.9972527472527473,3.09375,6.5,0.4661885245901639
Advanced Bandit Algorithms Research,2016,43,119,0.08142493638676845,0.21978021978021978,2.6373626373626373,0.9216583566696265,0.9972527472527473,-0.05858885214649101,2.0,1.0986122886681096,0.0,0.07678571428571429,0.17647058823529413,2.823529411764706,0.9426410035430431,1.0,3.13953488372093,4.0,0.5302325581395348
Advanced Bandit Algorithms Research,2017,47,138,0.07678571428571429,0.17647058823529413,2.823529411764706,0.9426410035430431,1.0,-0.0857891115649001,2.0,1.0986122886681096,0.0,0.0704647676161919,0.26811594202898553,2.6956521739130435,0.9500293944738388,1.0,3.127659574468085,5.0,0.6385396518375241
Advanced Bandit Algorithms Research,2018,47,145,0.0704647676161919,0.26811594202898553,2.6956521739130435,0.9500293944738388,1.0,-0.40025844785774556,2.0,1.0986122886681096,0.02127659574468085,0.04718875502008032,0.2482758620689655,2.6620689655172414,0.9554618915944052,1.0,3.148936170212766,6.0,0.58056354226567
Advanced Bandit Algorithms Research,2019,87,256,0.04718875502008032,0.2482758620689655,2.6620689655172414,0.9554618915944052,1.0,0.2627210388119665,3.0,1.3862943611198906,0.022988505747126436,0.061397318278052226,0.26953125,2.9375,0.9663869706195392,1.0,3.2298850574712645,7.0,0.5511409200262448
Advanced Bandit Algorithms Research,2020,109,327,0.061397318278052226,0.26953125,2.9375,0.9663869706195392,1.0,-0.060904256910311094,2.0,1.0986122886681096,0.03669724770642202,0.057763645998940114,0.3516819571865443,3.3211009174311927,0.9622441024093356,0.9658967707421611,3.458715596330275,4.0,0.5680241664801969
Advanced Bandit Algorithms Research,2021,131,378,0.057763645998940114,0.3516819571865443,3.3211009174311927,0.9622441024093356,0.9658967707421611,-0.014480851840946496,0.0,0.0,0.022900763358778626,0.05693176879617558,0.3386243386243386,3.4074074074074074,0.9680650185779797,0.9772806575427442,3.4732824427480917,1.0,0.6800572519083969
Advanced Bandit Algorithms Research,2022,129,418,0.05693176879617558,0.3386243386243386,3.4074074074074074,0.9680650185779797,0.9772806575427442,-0.20481188196827782,0.0,0.0,0.007751937984496124,0.04636951833213515,0.3684210526315789,3.430622009569378,0.9760639687658634,0.9896582465022834,3.604651162790698,1.0,0.7546464929485384
Advanced Bandit Algorithms Research,2023,151,492,0.04636951833213515,0.3684210526315789,3.430622009569378,0.9760639687658634,0.9896582465022834,-0.06939571706179448,0.0,0.0,0.006622516556291391,0.04325408192494987,0.2967479674796748,3.5447154471544717,0.9687458717514291,0.9984142192923698,3.6357615894039736,0.0,0.8839735099337749
Advanced Image and Video Retrieval Techniques,2021,27,119,0.007419183889772125,0.3157894736842105,3.6140350877192984,0.8681308323121878,0.0,0.4535215612696284,1.0,0.6931471805599453,0.07407407407407407,0.011734028683181226,0.25210084033613445,3.8823529411764706,0.9449223215456981,1.0,4.481481481481482,3.0,0.6760942760942761
Advanced Memory and Neural Computing,2022,21,95,0.006084311169056932,0.19117647058823528,5.5588235294117645,0.7973460989334005,0.0,0.212497352497663,2.0,1.0986122886681096,0.09523809523809523,0.007548526240115025,0.2,4.631578947368421,0.9045758928571429,0.9861431870669746,4.809523809523809,4.0,0.6666666666666666
Advanced Memory and Neural Computing,2023,22,109,0.007548526240115025,0.2,4.631578947368421,0.9045758928571429,0.9861431870669746,-0.17791515725888285,1.5,0.9162907318741551,0.18181818181818182,0.006301919220853624,0.1559633027522936,4.844036697247707,0.902978650137741,1.0,5.045454545454546,3.5,0.6573948439620081
Advanced Neural Network Applications,2015,24,75,0.03731343283582089,0.22641509433962265,3.358490566037736,0.8259058199722258,1.0,0.49160585155076797,7.5,2.1400661634962708,0.375,0.061068702290076333,0.13333333333333333,2.6133333333333333,0.9054560599750103,0.0,3.125,17.5,0.7618393511250654
Advanced Neural Network Applications,2016,29,101,0.061068702290076333,0.13333333333333333,2.6133333333333333,0.9054560599750103,0.0,-0.16459216054767722,5.0,1.791759469228055,0.27586206896551724,0.05178571428571429,0.18811881188118812,3.128712871287129,0.9304598622015703,1.0,3.5172413793103448,24.0,0.7074489736581961
Advanced Neural Network Applications,2017,43,158,0.05178571428571429,0.18811881188118812,3.128712871287129,0.9304598622015703,1.0,0.21867181206858888,9.0,2.302585092994046,0.11627906976744186,0.06446776611694154,0.21518987341772153,4.3164556962025316,0.8902055333264935,1.0,3.744186046511628,22.0,0.543854427957995
Advanced Neural Network Applications,2018,83,330,0.06446776611694154,0.21518987341772153,4.3164556962025316,0.8902055333264935,1.0,0.256332600029205,8.0,2.1972245773362196,0.18072289156626506,0.08333333333333333,0.2,3.9272727272727272,0.9665871711820252,1.0,4.180722891566265,19.0,0.6708977236569404
Advanced Neural Network Applications,2019,132,524,0.08333333333333333,0.2,3.9272727272727272,0.9665871711820252,1.0,0.11128496118385245,8.0,2.1972245773362196,0.19696969696969696,0.0931545518701482,0.2862595419847328,3.9198473282442747,0.9834897807242349,1.0,4.083333333333333,19.5,0.5660495685330122
Advanced Neural Network Applications,2020,202,816,0.0931545518701482,0.2862595419847328,3.9198473282442747,0.9834897807242349,1.0,0.13888028242273043,5.0,1.791759469228055,0.13366336633663367,0.10704822469528352,0.21691176470588236,4.529411764705882,0.978117389881719,0.9933526160388436,4.415841584158416,10.0,0.5921382073109664
Advanced Neural Network Applications,2021,236,1041,0.10704822469528352,0.21691176470588236,4.529411764705882,0.978117389881719,0.9933526160388436,-0.04275063440759297,1.0,0.6931471805599453,0.22033898305084745,0.10256410256410256,0.24975984630163303,4.889529298751201,0.9817892801128948,0.9943711624129038,4.77542372881356,5.0,0.856158906548836
Advanced Neural Network Applications,2022,319,1360,0.10256410256410256,0.24975984630163303,4.889529298751201,0.9817892801128948,0.9943711624129038,0.11143021056993607,2.0,1.0986122886681096,0.14733542319749215,0.11466570812365205,0.24044117647058824,5.035294117647059,0.982505941405391,1.0,4.601880877742946,4.0,0.762523834574363
Advanced Neural Network Applications,2023,356,1618,0.11466570812365205,0.24044117647058824,5.035294117647059,0.982505941405391,1.0,-0.11717008932360073,1.0,0.6931471805599453,0.10955056179775281,0.10197651102835864,0.23547589616810877,5.435105067985167,0.9880921862284482,0.9962316205142857,4.932584269662922,2.0,0.7719030695719069
Advanced Vision and Imaging,2021,26,111,0.009009009009009009,0.36231884057971014,4.3478260869565215,0.8505650193961882,0.8797127468581687,0.2242998704617838,1.5,0.9162907318741551,0.19230769230769232,0.011299435028248588,0.23423423423423423,4.036036036036036,0.9338074074074074,1.0,4.384615384615385,4.0,0.667262969588551
Advanced Vision and Imaging,2022,38,190,0.011299435028248588,0.23423423423423423,4.036036036036036,0.9338074074074074,1.0,0.188146654787559,4.5,1.7047480922384253,0.3684210526315789,0.013659237958303379,0.15789473684210525,5.463157894736842,0.9403851436337087,1.0,5.184210526315789,9.5,0.6403960933260987
Advanced Vision and Imaging,2023,55,259,0.013659237958303379,0.15789473684210525,5.463157894736842,0.9403851436337087,1.0,0.14176172070258541,1.0,0.6931471805599453,0.10909090909090909,0.015754798052134058,0.23938223938223938,4.718146718146718,0.9593051817676962,1.0,4.818181818181818,2.0,0.7240191387559809
Adversarial Robustness in Machine Learning,2018,51,180,0.026986506746626688,0.22972972972972974,3.5135135135135136,0.915621301775148,0.0,0.6387489929271579,8.0,2.1972245773362196,0.19607843137254902,0.05120481927710843,0.2611111111111111,3.2333333333333334,0.9584349784199662,1.0,3.627450980392157,22.0,0.531552144069673
Adversarial Robustness in Machine Learning,2019,87,356,0.05120481927710843,0.2611111111111111,3.2333333333333334,0.9584349784199662,1.0,0.18120887783890272,9.0,2.302585092994046,0.16091954022988506,0.061397318278052226,0.2696629213483146,4.174157303370786,0.9666312881013991,0.9969054524713907,4.333333333333333,24.0,0.574957388226039
Adversarial Robustness in Machine Learning,2020,109,419,0.061397318278052226,0.2696629213483146,4.174157303370786,0.9666312881013991,0.9969054524713907,-0.060904256910311094,5.0,1.791759469228055,0.12844036697247707,0.057763645998940114,0.3126491646778043,4.305489260143198,0.9671675580567893,0.995549976492587,4.18348623853211,8.0,0.5858235943507556
Adversarial Robustness in Machine Learning,2021,131,543,0.057763645998940114,0.3126491646778043,4.305489260143198,0.9671675580567893,0.995549976492587,-0.014480851840946496,1.0,0.6931471805599453,0.10687022900763359,0.05693176879617558,0.30755064456721914,4.206261510128914,0.9782335637114478,1.0,4.412213740458015,3.0,0.6852053798618684
Adversarial Robustness in Machine Learning,2022,148,640,0.05693176879617558,0.30755064456721914,4.206261510128914,0.9782335637114478,1.0,-0.06768831436407119,2.0,1.0986122886681096,0.02702702702702703,0.053199137311286844,0.2796875,4.70625,0.9814900252039813,0.9949435097727933,4.628378378378378,4.0,0.6085007025373997
Adversarial Robustness in Machine Learning,2023,144,641,0.053199137311286844,0.2796875,4.70625,0.9814900252039813,0.9949435097727933,-0.2538737023907367,0.0,0.0,0.05555555555555555,0.04124892580922372,0.2745709828393136,5.3478939157566305,0.9615322931853586,0.9987448428310503,4.75,1.0,0.8006287537537538
Anomaly Detection Techniques and Applications,2021,23,83,0.00688924218335983,0.3695652173913043,2.9130434782608696,0.8768099799509912,0.0,0.3677329045274096,1.0,0.6931471805599453,0.13043478260869565,0.009995654063450673,0.3132530120481928,3.0602409638554215,0.928513857027714,1.0,3.6956521739130435,3.0,0.700693131695022
Anomaly Detection Techniques and Applications,2022,24,137,0.009995654063450673,0.3132530120481928,3.0602409638554215,0.928513857027714,1.0,-0.14569630564683234,2.0,1.0986122886681096,0.20833333333333334,0.008626887131560028,0.32116788321167883,7.211678832116788,0.8559065055975348,1.0,5.833333333333333,5.0,0.7398424543946932
Anomaly Detection Techniques and Applications,2023,36,181,0.008626887131560028,0.32116788321167883,7.211678832116788,0.8559065055975348,1.0,0.17657248141408655,2.0,1.0986122886681096,0.08333333333333333,0.01031223145230593,0.2983425414364641,4.939226519337017,0.9430506133357356,1.0,5.138888888888889,3.0,0.5872549019607843
Auction Theory and Applications,2021,20,69,0.007419183889772125,0.37209302325581395,3.302325581395349,0.84375,0.8181818181818182,0.15637017649174734,0.0,0.0,0.0,0.008691873098652759,0.34782608695652173,3.449275362318841,0.8784722222222222,0.9605263157894738,3.6,1.0,0.625
Auction Theory and Applications,2022,24,88,0.008691873098652759,0.34782608695652173,3.449275362318841,0.8784722222222222,0.9605263157894738,-0.007419048416644536,0.0,0.0,0.0,0.008626887131560028,0.25,3.3181818181818183,0.9209983111277913,1.0,3.7083333333333335,1.0,0.7166666666666667
Auction Theory and Applications,2023,29,103,0.008626887131560028,0.25,3.3181818181818183,0.9209983111277913,1.0,-0.037335081565481154,0.0,0.0,0.0,0.008307075336579777,0.3592233009708738,3.70873786407767,0.8863932291666666,0.9965870307167235,3.7241379310344827,0.0,0.7509578544061303
Bayesian Modeling and Causal Inference,2013,23,64,0.04155124653739612,0.20930232558139536,2.3255813953488373,0.884,1.0,0.4518162871399469,3.0,1.3862943611198906,0.043478260869565216,0.06534090909090909,0.15625,2.28125,0.9161993270309245,0.0,2.9565217391304346,6.0,0.3882424984690753
Bayesian Modeling and Causal Inference,2015,23,66,0.03731343283582089,0.22727272727272727,2.5454545454545454,0.8558673469387755,1.0,0.4491173138658473,1.0,0.6931471805599453,0.0,0.058524173027989825,0.15151515151515152,2.5757575757575757,0.9153596538669551,1.0,3.0434782608695654,3.0,0.48568398727465534
Bayesian Modeling and Causal Inference,2016,21,64,0.058524173027989825,0.15151515151515152,2.5757575757575757,0.9153596538669551,1.0,-0.44414307013873255,1.0,0.6931471805599453,0.0,0.0375,0.21875,2.65625,0.9212293388429752,1.0,3.1904761904761907,3.0,0.6476190476190476
Bayesian Modeling and Causal Inference,2018,33,106,0.025487256371814093,0.2692307692307692,2.576923076923077,0.896858988638895,0.0,0.26143478954843324,2.0,1.0986122886681096,0.030303030303030304,0.03313253012048193,0.24528301886792453,3.169811320754717,0.923469387755102,1.0,3.3333333333333335,5.0,0.6015896671634376
Bayesian Modeling and Causal Inference,2019,28,83,0.03313253012048193,0.24528301886792453,3.169811320754717,0.923469387755102,1.0,-0.5148187177378456,1.5,0.9162907318741551,0.03571428571428571,0.019760056457304165,0.3132530120481928,2.7710843373493974,0.9233691284973337,0.9553072625698322,3.1785714285714284,3.0,0.6243131868131868
Bayesian Modeling and Causal Inference,2020,43,140,0.019760056457304165,0.3132530120481928,2.7710843373493974,0.9233691284973337,0.9553072625698322,0.1418801191955663,3.0,1.3862943611198906,0.023255813953488372,0.02278749337572867,0.3357142857142857,3.2714285714285714,0.9489371027832566,1.0,3.604651162790698,4.0,0.5108483824866831
Bayesian Modeling and Causal Inference,2021,45,146,0.02278749337572867,0.3357142857142857,3.2714285714285714,0.9489371027832566,1.0,-0.15217163721707916,0.0,0.0,0.0,0.01955671447196871,0.273972602739726,3.4383561643835616,0.9506940688660537,1.0,3.511111111111111,2.0,0.6703703703703704
Bayesian Modeling and Causal Inference,2022,47,183,0.01955671447196871,0.273972602739726,3.4383561643835616,0.9506940688660537,1.0,-0.14553977555015285,0.0,0.0,0.0,0.01689432063263839,0.2459016393442623,3.9562841530054644,0.9485690868110102,1.0,4.042553191489362,1.0,0.6632747456059205
Bayesian Modeling and Causal Inference,2023,69,244,0.01689432063263839,0.2459016393442623,3.9562841530054644,0.9485690868110102,1.0,0.15608573309824747,0.0,0.0,0.0,0.019765110283586365,0.29918032786885246,3.639344262295082,0.9427882274166058,1.0,3.681159420289855,0.0,0.7851662404092071
Computational Drug Discovery Methods,2023,21,105,0.003953989935298346,0.26,4.72,0.8132154006243496,0.0,0.4111197907292441,2.0,1.0986122886681096,0.047619047619047616,0.006015468347178459,0.1619047619047619,5.257142857142857,0.908947700063012,0.0,5.0,4.0,0.5620915032679739
Domain Adaptation and Few-Shot Learning,2017,23,87,0.030357142857142857,0.18181818181818182,3.3636363636363638,0.9096664231799367,0.0,0.12703470887131285,13.0,2.639057329615259,0.30434782608695654,0.034482758620689655,0.27586206896551724,3.7241379310344827,0.8968907178783722,1.0,3.869565217391304,32.0,0.6140468227424749
Domain Adaptation and Few-Shot Learning,2018,48,205,0.034482758620689655,0.27586206896551724,3.7241379310344827,0.8968907178783722,1.0,0.33392663035867143,13.0,2.639057329615259,0.2708333333333333,0.04819277108433735,0.16097560975609757,4.614634146341463,0.9475434027777778,0.9968237162519852,4.541666666666667,34.5,0.5503452516080212
Domain Adaptation and Few-Shot Learning,2019,63,284,0.04819277108433735,0.16097560975609757,4.614634146341463,0.9475434027777778,0.9968237162519852,-0.08044243611229307,7.0,2.0794415416798357,0.15873015873015872,0.04446012702893437,0.2640845070422535,4.704225352112676,0.9537135219425261,1.0,4.634920634920635,18.0,0.5390520694259012
Domain Adaptation and Few-Shot Learning,2020,127,523,0.04446012702893437,0.2640845070422535,4.704225352112676,0.9537135219425261,1.0,0.41384409774136044,6.0,1.9459101490553132,0.1889763779527559,0.06730259671436142,0.28680688336520077,4.409177820267686,0.9707075561480439,0.999656652360515,4.3858267716535435,10.0,0.7672911575708209
Domain Adaptation and Few-Shot Learning,2021,166,688,0.06730259671436142,0.28680688336520077,4.409177820267686,0.9707075561480439,0.999656652360515,0.0693456179746601,2.0,1.0986122886681096,0.1746987951807229,0.07214254671881791,0.32994186046511625,4.261627906976744,0.9810878382234627,1.0,4.379518072289157,5.0,0.6867667390874975
Domain Adaptation and Few-Shot Learning,2022,178,826,0.07214254671881791,0.32994186046511625,4.261627906976744,0.9810878382234627,1.0,-0.11985400402140467,2.0,1.0986122886681096,0.11797752808988764,0.06398274622573688,0.2711864406779661,4.728813559322034,0.987091316118284,1.0,4.775280898876405,4.0,0.6399191011235955
Domain Adaptation and Few-Shot Learning,2023,171,826,0.06398274622573688,0.2711864406779661,4.728813559322034,0.987091316118284,1.0,-0.2666603902721114,1.0,0.6931471805599453,0.08187134502923976,0.04898309939845317,0.3135593220338983,5.087167070217918,0.9850444115478265,1.0,5.011695906432749,2.0,0.7097568482610034
Explainable Artificial Intelligence (XAI),2020,35,166,0.013408609738884969,0.273972602739726,3.26027397260274,0.922533719370101,0.0,0.32240950135271795,4.0,1.6094379124341003,0.05714285714285714,0.018547959724430314,0.2289156626506024,6.072289156626506,0.8590325018896446,1.0,4.8,11.0,0.48378088077336195
Explainable Artificial Intelligence (XAI),2021,41,166,0.018547959724430314,0.2289156626506024,6.072289156626506,0.8590325018896446,1.0,-0.039911980870516395,1.0,0.6931471805599453,0.0975609756097561,0.017818339852238158,0.27710843373493976,3.7228915662650603,0.9594557823129252,1.0,4.170731707317073,3.0,0.7234461054287962
Explainable Artificial Intelligence (XAI),2022,58,256,0.017818339852238158,0.27710843373493976,3.7228915662650603,0.9594557823129252,1.0,0.1562332408868472,2.0,1.0986122886681096,0.15517241379310345,0.020848310567936738,0.3046875,5.0625,0.920582963227822,1.0,4.603448275862069,3.5,0.6701710120549481
Explainable Artificial Intelligence (XAI),2023,97,497,0.020848310567936738,0.3046875,5.0625,0.920582963227822,1.0,0.28605725669240867,0.0,0.0,0.09278350515463918,0.027785734746490976,0.21327967806841047,7.875251509054326,0.8292156811351313,1.0,5.195876288659794,1.0,0.8868504102671997
Face and Expression Recognition,2022,28,133,0.00651890482398957,0.3148148148148148,3.2962962962962963,0.8463577831081934,0.0,0.4289911744588917,0.0,0.0,0.07142857142857142,0.010064701653486701,0.19548872180451127,4.556390977443609,0.9332418390353887,0.0,4.75,0.0,0.7967532467532468
Face and Expression Recognition,2023,43,212,0.010064701653486701,0.19548872180451127,4.556390977443609,0.9332418390353887,0.0,0.200176617363101,0.0,0.0,0.023255813953488372,0.012317387568032082,0.23113207547169812,5.386792452830188,0.925558442036431,1.0,4.976744186046512,0.0,0.8517441860465116
Gaussian Processes and Bayesian Inference,2014,21,60,0.04261363636363636,0.15555555555555556,2.488888888888889,0.9085872576177284,1.0,0.20321986186016483,4.0,1.6094379124341003,0.09523809523809523,0.05223880597014925,0.18333333333333332,2.6,0.8941485864562787,1.0,3.0476190476190474,7.0,0.4983164983164983
Gaussian Processes and Bayesian Inference,2015,28,84,0.05223880597014925,0.18333333333333332,2.6,0.8941485864562787,1.0,0.309814680740121,4.0,1.6094379124341003,0.03571428571428571,0.07124681933842239,0.27380952380952384,2.880952380952381,0.917013865173144,1.0,3.25,8.0,0.47464558342420937
Gaussian Processes and Bayesian Inference,2016,21,62,0.07124681933842239,0.27380952380952384,2.880952380952381,0.917013865173144,1.0,-0.6405487142351403,5.0,1.791759469228055,0.14285714285714285,0.0375,0.25806451612903225,2.3870967741935485,0.9185536888239592,1.0,3.0476190476190474,13.0,0.5506149479659413
Gaussian Processes and Bayesian Inference,2017,32,100,0.0375,0.25806451612903225,2.3870967741935485,0.9185536888239592,1.0,0.24577929117471475,2.5,1.252762968495368,0.0625,0.047976011994003,0.29,2.84,0.9197579845268796,1.0,3.21875,6.0,0.6692033678756477
Gaussian Processes and Bayesian Inference,2018,35,117,0.047976011994003,0.29,2.84,0.9197579845268796,1.0,-0.3105855857775359,4.0,1.6094379124341003,0.02857142857142857,0.035140562248995984,0.2564102564102564,3.3846153846153846,0.9333,0.9910233393177738,3.5714285714285716,9.0,0.5005042016806722
Gaussian Processes and Bayesian Inference,2019,36,141,0.035140562248995984,0.2564102564102564,3.3846153846153846,0.9333,0.9910233393177738,-0.32329239315215785,3.0,1.3862943611198906,0.05555555555555555,0.025405786873676783,0.2553191489361702,4.127659574468085,0.9264652047094389,1.0,4.111111111111111,6.5,0.6861009361009361
Gaussian Processes and Bayesian Inference,2020,45,166,0.025405786873676783,0.2553191489361702,4.127659574468085,0.9264652047094389,1.0,-0.06304657344430664,3.0,1.3862943611198906,0.06666666666666667,0.02384737678855326,0.3253012048192771,3.4096385542168677,0.955462048471076,1.0,3.8,4.0,0.7202394313505425
Gaussian Processes and Bayesian Inference,2021,56,184,0.02384737678855326,0.3253012048192771,3.4096385542168677,0.955462048471076,1.0,0.020249600462838302,1.0,0.6931471805599453,0.03571428571428571,0.024337244676227728,0.29891304347826086,3.5543478260869565,0.9526349988030505,1.0,3.6607142857142856,1.0,0.6376050420168067
Gaussian Processes and Bayesian Inference,2022,40,145,0.024337244676227728,0.29891304347826086,3.5543478260869565,0.9526349988030505,1.0,-0.5234681034984661,0.0,0.0,0.025,0.014378145219266714,0.2896551724137931,3.1586206896551725,0.9574188135237696,1.0,3.725,1.0,0.8026315789473685
Gaussian Processes and Bayesian Inference,2023,41,151,0.014378145219266714,0.2896551724137931,3.1586206896551725,0.9574188135237696,1.0,-0.2007778584681752,0.0,0.0,0.024390243902439025,0.011744485820681752,0.271523178807947,3.3642384105960264,0.9360778721557443,1.0,3.7560975609756095,1.0,0.8119241192411925
Generative Adversarial Networks and Image Synthesis,2016,20,80,0.035623409669211195,0.3333333333333333,2.888888888888889,0.8695857988165681,1.0,0.002540649191180133,15.5,2.803360380906535,0.35,0.03571428571428571,0.3125,4.25,0.852313532368934,0.9949409780775716,4.25,30.0,0.6288359788359789
Generative Adversarial Networks and Image Synthesis,2017,35,138,0.03571428571428571,0.3125,4.25,0.852313532368934,0.9949409780775716,0.3838703391629692,19.0,2.995732273553991,0.4857142857142857,0.05247376311844078,0.2971014492753623,3.9420289855072466,0.9220147603985988,1.0,4.314285714285714,48.0,0.6213953488372093
Generative Adversarial Networks and Image Synthesis,2018,38,144,0.05247376311844078,0.2971014492753623,3.9420289855072466,0.9220147603985988,1.0,-0.31800539048448506,11.0,2.4849066497880004,0.21052631578947367,0.03815261044176707,0.2916666666666667,3.861111111111111,0.9408695431922088,1.0,3.8947368421052633,29.0,0.3990069513406157
Generative Adversarial Networks and Image Synthesis,2019,61,235,0.03815261044176707,0.2916666666666667,3.861111111111111,0.9408695431922088,1.0,0.12044035561779243,6.0,1.9459101490553132,0.18032786885245902,0.043048694424841216,0.2978723404255319,3.6595744680851063,0.9638939967550028,1.0,3.9508196721311477,14.0,0.5995191256830601
Generative Adversarial Networks and Image Synthesis,2020,69,251,0.043048694424841216,0.2978723404255319,3.6595744680851063,0.9638939967550028,1.0,-0.16280287229973522,4.0,1.6094379124341003,0.17391304347826086,0.03656597774244833,0.2948207171314741,3.537848605577689,0.9618381517485166,1.0,3.7971014492753623,5.0,0.7255445278519489
Generative Adversarial Networks and Image Synthesis,2021,72,275,0.03656597774244833,0.2948207171314741,3.537848605577689,0.9618381517485166,1.0,-0.1553362426306193,1.0,0.6931471805599453,0.20833333333333334,0.03129074315514994,0.27636363636363637,4.036363636363636,0.9374402696041446,0.9967500705201687,4.041666666666667,2.0,0.8541415964701163
Generative Adversarial Networks and Image Synthesis,2022,83,378,0.03129074315514994,0.27636363636363637,4.036363636363636,0.9374402696041446,0.9967500705201687,-0.04749632873582943,2.0,1.0986122886681096,0.14457831325301204,0.029834651329978434,0.30687830687830686,4.7407407407407405,0.9636253219693004,1.0,4.698795180722891,4.0,0.8169732220417721
Generative Adversarial Networks and Image Synthesis,2023,106,533,0.029834651329978434,0.30687830687830686,4.7407407407407405,0.9636253219693004,1.0,0.01752213412509862,2.0,1.0986122886681096,0.2358490566037736,0.03036379260956746,0.29831144465290804,5.399624765478424,0.9753714375551261,0.999238406469391,5.254716981132075,3.0,0.7694116264033386
Human Pose and Action Recognition,2021,25,115,0.006359300476947536,0.25,4.375,0.6949659863945579,0.0,0.529172888498362,1.0,0.6931471805599453,0.16,0.01086484137331595,0.2608695652173913,4.173913043478261,0.9434374999999999,0.0,4.6,4.0,0.8384615384615385
Human Pose and Action Recognition,2022,34,164,0.01086484137331595,0.2608695652173913,4.173913043478261,0.9434374999999999,0.0,0.1166455749708799,3.5,1.5040773967762742,0.14705882352941177,0.012221423436376708,0.2621951219512195,4.7439024390243905,0.9486672219908372,1.0,4.9411764705882355,8.0,0.667144906743185
Human Pose and Action Recognition,2023,40,209,0.012221423436376708,0.2621951219512195,4.7439024390243905,0.9486672219908372,1.0,-0.06395862858664803,1.0,0.6931471805599453,0.15,0.011458034947006588,0.2631578947368421,6.44976076555024,0.9110823957327208,0.9963067507320548,5.475,1.5,0.7061258278145696
Machine Learning and Algorithms,2013,26,79,0.09418282548476455,0.1935483870967742,2.6451612903225805,0.8812214951417807,1.0,-0.24272547476184902,2.0,1.0986122886681096,0.15384615384615385,0.07386363636363637,0.26582278481012656,2.6582278481012658,0.924625850340136,1.0,3.1153846153846154,5.5,0.620026525198939
Machine Learning and Algorithms,2014,33,92,0.07386363636363637,0.26582278481012656,2.6582278481012658,0.924625850340136,1.0,0.10545462033035768,2.0,1.0986122886681096,0.0,0.08208955223880597,0.2391304347826087,2.652173913043478,0.8865268329554044,0.994597028365601,3.0303030303030303,5.0,0.4332210998877666
Machine Learning and Algorithms,2015,32,90,0.08208955223880597,0.2391304347826087,2.652173913043478,0.8865268329554044,0.994597028365601,-0.008119250882354212,2.0,1.0986122886681096,0.0,0.08142493638676845,0.2111111111111111,2.577777777777778,0.9340071343638525,1.0,2.9375,5.5,0.5104166666666666
Machine Learning and Algorithms,2016,39,114,0.08142493638676845,0.2111111111111111,2.577777777777778,0.9340071343638525,1.0,-0.15609393248043668,3.0,1.3862943611198906,0.02564102564102564,0.06964285714285715,0.19298245614035087,2.6491228070175437,0.9362880886426592,1.0,3.0256410256410255,5.0,0.5574136008918618
Machine Learning and Algorithms,2017,55,169,0.06964285714285715,0.19298245614035087,2.6491228070175437,0.9362880886426592,1.0,0.16869540190842836,2.0,1.0986122886681096,0.05454545454545454,0.08245877061469266,0.25443786982248523,2.8757396449704142,0.9577009579341941,1.0,3.2181818181818183,6.0,0.7431517442859598
Machine Learning and Algorithms,2018,72,246,0.08245877061469266,0.25443786982248523,2.8757396449704142,0.9577009579341941,1.0,-0.13145389298913024,4.0,1.6094379124341003,0.06944444444444445,0.07228915662650602,0.24796747967479674,3.430894308943089,0.9615335174130121,0.9836363636363635,3.6944444444444446,8.0,0.6076266195524146
Machine Learning and Algorithms,2019,93,300,0.07228915662650602,0.24796747967479674,3.430894308943089,0.9615335174130121,0.9836363636363635,-0.09647648905010175,3.0,1.3862943611198906,0.07526881720430108,0.06563161609033169,0.2833333333333333,3.2133333333333334,0.9701011024742163,1.0,3.4193548387096775,7.0,0.6594173225958112
Machine Learning and Algorithms,2020,116,403,0.06563161609033169,0.2833333333333333,3.2133333333333334,0.9701011024742163,1.0,-0.06535270159742312,3.0,1.3862943611198906,0.0603448275862069,0.06147323794382618,0.3746898263027295,3.4838709677419355,0.9795958379430588,1.0,3.6551724137931036,4.0,0.6056274327065402
Machine Learning and Algorithms,2021,121,447,0.06147323794382618,0.3746898263027295,3.4838709677419355,0.9795958379430588,1.0,-0.15588074559206655,1.0,0.6931471805599453,0.09090909090909091,0.05258583224684919,0.319910514541387,3.713646532438479,0.9787074829931972,0.9956555236913068,3.958677685950413,2.0,0.692129450838032
Machine Learning and Algorithms,2022,195,772,0.05258583224684919,0.319910514541387,3.713646532438479,0.9787074829931972,0.9956555236913068,0.286908533423921,0.0,0.0,0.05128205128205128,0.07009345794392523,0.2979274611398964,4.230569948186528,0.9867560761419346,0.9981493816217438,4.2,1.0,0.7701681830714089
Machine Learning and Algorithms,2023,195,858,0.07009345794392523,0.2979274611398964,4.230569948186528,0.9867560761419346,0.9981493816217438,-0.22665512875504001,0.0,0.0,0.06153846153846154,0.05585792036665712,0.30186480186480186,5.806526806526806,0.927987583426234,1.0,4.625641025641026,1.0,0.856037694499233
Markov Chains and Monte Carlo Methods,2019,20,60,0.01104417670682731,0.42105263157894735,3.263157894736842,0.7356919875130072,1.0,0.24333323912519234,2.0,1.0986122886681096,0.05,0.014114326040931546,0.48333333333333334,2.6,0.8905325443786982,1.0,3.1,5.0,0.5655963302752294
Markov Chains and Monte Carlo Methods,2020,20,67,0.014114326040931546,0.48333333333333334,2.6,0.8905325443786982,1.0,-0.28411555660139776,2.5,1.252762968495368,0.0,0.010598834128245893,0.3582089552238806,2.7761194029850746,0.9189501676494392,1.0,3.4,5.0,0.5311594202898551
Markov Chains and Monte Carlo Methods,2023,22,62,0.004313443565780014,0.3,3.0,0.8316666666666667,0.0,0.3719425850001912,0.0,0.0,0.0,0.006301919220853624,0.41935483870967744,2.3870967741935485,0.8999269539810081,1.0,2.8636363636363638,0.0,0.7929292929292929
Multimodal Machine Learning Applications,2018,24,96,0.020989505247376312,0.34545454545454546,4.181818181818182,0.852930056710775,1.0,0.13742772914022616,10.5,2.4423470353692043,0.125,0.024096385542168676,0.2604166666666667,3.9375,0.8902326362643822,1.0,4.083333333333333,21.5,0.4218036529680365
Multimodal Machine Learning Applications,2019,24,103,0.024096385542168676,0.2604166666666667,3.9375,0.8902326362643822,1.0,-0.3508045892295315,6.0,1.9459101490553132,0.125,0.016937191249117856,0.1941747572815534,4.097087378640777,0.9217835618831338,1.0,4.458333333333333,14.0,0.6167582417582418
Multimodal Machine Learning Applications,2020,27,122,0.016937191249117856,0.1941747572815534,4.097087378640777,0.9217835618831338,1.0,-0.16758549559702907,5.0,1.791759469228055,0.18518518518518517,0.014308426073131956,0.21311475409836064,4.311475409836065,0.9335745378483803,1.0,4.62962962962963,10.0,0.6407960199004975
Multimodal Machine Learning Applications,2021,45,222,0.014308426073131956,0.21311475409836064,4.311475409836065,0.9335745378483803,1.0,0.31060580393655934,2.0,1.0986122886681096,0.3333333333333333,0.01955671447196871,0.2927927927927928,4.837837837837838,0.9585218938235386,1.0,5.0,9.0,0.6626736111111111
Multimodal Machine Learning Applications,2022,84,497,0.01955671447196871,0.2927927927927928,4.837837837837838,0.9585218938235386,1.0,0.43253415447047017,5.5,1.8718021769015913,0.39285714285714285,0.0301941049604601,0.24949698189134809,8.209255533199196,0.9208560234837279,0.9961231088986553,6.488095238095238,13.0,0.790116205633447
Multimodal Machine Learning Applications,2023,163,965,0.0301941049604601,0.24949698189134809,8.209255533199196,0.9208560234837279,0.9961231088986553,0.4347482624406256,4.0,1.6094379124341003,0.34355828220858897,0.04669149240905185,0.26632124352331604,7.303626943005181,0.9687962060708819,0.9991983720128037,6.380368098159509,7.0,0.7738107211103289
Music and Audio Processing,2023,35,211,0.004672897196261682,0.18181818181818182,7.064935064935065,0.8309517100725892,0.9908925318761385,0.7521312050150613,2.0,1.0986122886681096,0.2,0.010025780578630765,0.1848341232227488,8.066350710900474,0.8441628868693406,1.0,6.171428571428572,4.0,0.6782857142857143
Natural Language Processing Techniques,2020,20,88,0.011291460832745237,0.1774193548387097,4.0,0.8139958376690947,0.0,-0.06272924940904723,6.0,1.9459101490553132,0.05,0.010598834128245893,0.2159090909090909,4.090909090909091,0.922037037037037,0.0,4.4,11.0,0.4756
Natural Language Processing Techniques,2021,28,134,0.010598834128245893,0.2159090909090909,4.090909090909091,0.922037037037037,0.0,0.13691019798247694,1.5,0.9162907318741551,0.17857142857142858,0.012168622338113864,0.22388059701492538,4.850746268656716,0.9277349112426035,0.0,4.785714285714286,6.5,0.6063402889245586
Natural Language Processing Techniques,2022,26,148,0.012168622338113864,0.22388059701492538,4.850746268656716,0.9277349112426035,0.0,-0.26147536891803824,4.0,1.6094379124341003,0.38461538461538464,0.009345794392523364,0.19594594594594594,7.175675675675675,0.8873354825667379,1.0,5.769230769230769,7.0,0.7972027972027972
Natural Language Processing Techniques,2023,59,299,0.009345794392523364,0.19594594594594594,7.175675675675675,0.8873354825667379,1.0,0.5876791239193917,1.0,0.6931471805599453,0.1864406779661017,0.016900601546834718,0.31438127090301005,5.585284280936455,0.9594828646605804,1.0,5.237288135593221,2.0,0.7545709328706793
Neural dynamics and brain function,2020,27,101,0.01058574453069866,0.21428571428571427,5.0,0.6149590060862129,0.9779816513761469,0.2989026130853851,2.0,1.0986122886681096,0.0,0.014308426073131956,0.19801980198019803,3.4653465346534653,0.9325061224489796,1.0,3.814814814814815,5.0,0.6088888888888889
Neural dynamics and brain function,2021,23,93,0.014308426073131956,0.19801980198019803,3.4653465346534653,0.9325061224489796,1.0,-0.35570813892134634,3.0,1.3862943611198906,0.17391304347826086,0.009995654063450673,0.20430107526881722,4.860215053763441,0.915251605891828,1.0,4.130434782608695,4.0,0.4879948085658663
Neural dynamics and brain function,2022,21,82,0.009995654063450673,0.20430107526881722,4.860215053763441,0.915251605891828,1.0,-0.27759205956973787,1.0,0.6931471805599453,0.0,0.007548526240115025,0.13414634146341464,3.682926829268293,0.8957501863953335,0.0,3.9047619047619047,2.0,0.6897546897546898
Neural dynamics and brain function,2023,37,160,0.007548526240115025,0.13414634146341464,3.682926829268293,0.8957501863953335,0.0,0.33560760585167326,1.0,0.6931471805599453,0.13513513513513514,0.010598682325981094,0.15625,5.0625,0.8936518721638477,0.9976452119309261,4.45945945945946,3.0,0.6147834581569521
Privacy-Preserving Technologies in Data,2019,33,101,0.01706827309236948,0.19148936170212766,2.765957446808511,0.830119375573921,0.8832487309644671,0.30918725468015396,3.0,1.3862943611198906,0.06060606060606061,0.02328863796753705,0.22772277227722773,3.4257425742574257,0.8824816326530613,0.9891891891891891,3.3636363636363638,6.0,0.7151088348271447
Privacy-Preserving Technologies in Data,2020,37,119,0.02328863796753705,0.22772277227722773,3.4257425742574257,0.8824816326530613,0.9891891891891891,-0.1712336621934809,5.0,1.791759469228055,0.21621621621621623,0.0196078431372549,0.33613445378151263,3.226890756302521,0.9060355029585799,0.9732101378206783,3.5135135135135136,8.0,0.5900387859385582
Privacy-Preserving Technologies in Data,2021,58,228,0.0196078431372549,0.33613445378151263,3.226890756302521,0.9060355029585799,0.9732101378206783,0.25004190681579486,2.0,1.0986122886681096,0.1896551724137931,0.025206431986093004,0.25,4.307017543859649,0.9461402558802255,0.981575645512778,4.362068965517241,4.0,0.5967741935483871
Privacy-Preserving Technologies in Data,2022,70,302,0.025206431986093004,0.25,4.307017543859649,0.9461402558802255,0.981575645512778,-0.0017670344708675678,2.0,1.0986122886681096,0.12857142857142856,0.02516175413371675,0.2582781456953642,5.80794701986755,0.8589197596525547,1.0,4.542857142857143,3.0,0.6458577951728637
Privacy-Preserving Technologies in Data,2023,102,410,0.02516175413371675,0.2582781456953642,5.80794701986755,0.8589197596525547,1.0,0.1489097329383111,0.5,0.4054651081081644,0.049019607843137254,0.0292179891148668,0.25121951219512195,4.546341463414634,0.9611360903656285,0.9951469627549498,4.519607843137255,1.0,0.6971027216856892
Reinforcement Learning in Robotics,2017,32,141,0.030357142857142857,0.25806451612903225,3.6774193548387095,0.8405663281009541,1.0,0.4564627983341878,7.0,2.0794415416798357,0.28125,0.047976011994003,0.2907801418439716,5.602836879432624,0.7975115634259465,0.9943480991256461,4.75,14.5,0.6100285171102662
Reinforcement Learning in Robotics,2018,59,208,0.047976011994003,0.2907801418439716,5.602836879432624,0.7975115634259465,0.9943480991256461,0.21044883602661413,6.0,1.9459101490553132,0.13559322033898305,0.05923694779116466,0.20673076923076922,3.4903846153846154,0.9413329387033369,1.0,3.7796610169491527,16.0,0.5331601015768027
Reinforcement Learning in Robotics,2019,89,352,0.05923694779116466,0.20673076923076922,3.4903846153846154,0.9413329387033369,1.0,0.058453100154911564,6.0,1.9459101490553132,0.0898876404494382,0.06280875088214538,0.2585227272727273,5.1875,0.9257601187378588,0.9867588066002688,4.47191011235955,12.0,0.5163341741190859
Reinforcement Learning in Robotics,2020,131,490,0.06280875088214538,0.2585227272727273,5.1875,0.9257601187378588,0.9867588066002688,0.0999632006134723,5.0,1.791759469228055,0.09923664122137404,0.06942236354001059,0.31020408163265306,4.587755102040816,0.9320964492786705,0.9807192898603444,4.312977099236641,7.0,0.6164423992809134
Reinforcement Learning in Robotics,2021,170,676,0.06942236354001059,0.31020408163265306,4.587755102040816,0.9320964492786705,0.9807192898603444,0.0621587618480377,1.0,0.6931471805599453,0.12941176470588237,0.07388092133854846,0.2973372781065089,5.8609467455621305,0.935808418490754,0.9890205459772553,4.8,3.0,0.7016591251885369
Reinforcement Learning in Robotics,2022,176,753,0.07388092133854846,0.2973372781065089,5.8609467455621305,0.935808418490754,0.9890205459772553,-0.15491390482110745,0.0,0.0,0.028409090909090908,0.06326383896477354,0.23771580345285526,5.256308100929615,0.9609648041480757,0.999314551306057,4.744318181818182,1.0,0.8686914105079573
Reinforcement Learning in Robotics,2023,170,790,0.06326383896477354,0.23771580345285526,5.256308100929615,0.9609648041480757,0.999314551306057,-0.2612317026627591,0.0,0.0,0.041176470588235294,0.048696648524778,0.28860759493670884,5.207594936708861,0.9715042262156244,0.9998973831497212,5.011764705882353,1.0,0.8066984019041142
Sparse and Compressive Sensing Techniques,2013,36,92,0.08587257617728532,0.23863636363636365,2.477272727272727,0.9394627613752056,1.0,0.17459197816414207,3.0,1.3862943611198906,0.05555555555555555,0.10227272727272728,0.25,2.347826086956522,0.9239535393381547,1.0,2.8055555555555554,7.5,0.4749322493224932
Sparse and Compressive Sensing Techniques,2014,44,128,0.10227272727272728,0.25,2.347826086956522,0.9239535393381547,1.0,0.06778570162874109,4.0,1.6094379124341003,0.06818181818181818,0.10945273631840796,0.203125,2.828125,0.9413226962654643,0.9675405742821473,3.272727272727273,9.0,0.4724092779648335
Sparse and Compressive Sensing Techniques,2015,38,97,0.10945273631840796,0.203125,2.828125,0.9413226962654643,0.9675405742821473,-0.12384054059503757,3.0,1.3862943611198906,0.07894736842105263,0.09669211195928754,0.26804123711340205,2.1030927835051547,0.94499822000712,1.0,2.789473684210526,6.0,0.5263157894736842
Sparse and Compressive Sensing Techniques,2016,53,140,0.09669211195928754,0.26804123711340205,2.1030927835051547,0.94499822000712,1.0,-0.021399048172541235,3.0,1.3862943611198906,0.07547169811320754,0.09464285714285714,0.16428571428571428,2.4,0.9556517036235803,0.9708454810495627,2.830188679245283,5.0,0.6347268467135282
Sparse and Compressive Sensing Techniques,2017,39,114,0.09464285714285714,0.16428571428571428,2.4,0.9556517036235803,0.9708454810495627,-0.4809307799824989,2.0,1.0986122886681096,0.0,0.05847076461769116,0.2543859649122807,2.56140350877193,0.9437734277384423,1.0,3.0256410256410255,4.0,0.5398110661268556
Sparse and Compressive Sensing Techniques,2018,40,118,0.05847076461769116,0.2543859649122807,2.56140350877193,0.9437734277384423,1.0,-0.374861294185306,2.0,1.0986122886681096,0.0,0.040160642570281124,0.211864406779661,2.9152542372881354,0.9339589517699256,1.0,3.175,3.0,0.5403543307086615
Sparse and Compressive Sensing Techniques,2019,61,179,0.040160642570281124,0.211864406779661,2.9152542372881354,0.9339589517699256,1.0,0.06927777980724414,3.0,1.3862943611198906,0.03278688524590164,0.043048694424841216,0.33519553072625696,2.670391061452514,0.9579946724950482,0.9915014164305949,3.1475409836065573,7.0,0.526386705591736
Sparse and Compressive Sensing Techniques,2020,53,166,0.043048694424841216,0.33519553072625696,2.670391061452514,0.9579946724950482,0.9915014164305949,-0.4257944590204157,2.0,1.0986122886681096,0.05660377358490566,0.028086910439851617,0.41566265060240964,2.6867469879518073,0.9611286848182578,1.0,3.2641509433962264,4.0,0.6032240337058069
Sparse and Compressive Sensing Techniques,2021,52,174,0.028086910439851617,0.41566265060240964,2.6867469879518073,0.9611286848182578,1.0,-0.216542555383187,1.0,0.6931471805599453,0.0,0.022598870056497175,0.27586206896551724,2.9080459770114944,0.9633332812573232,1.0,3.3846153846153846,1.0,0.6217948717948718
Sparse and Compressive Sensing Techniques,2022,41,144,0.022598870056497175,0.27586206896551724,2.9080459770114944,0.9633332812573232,1.0,-0.42515072393142583,0.0,0.0,0.07317073170731707,0.014737598849748382,0.3333333333333333,3.888888888888889,0.8950605038682802,1.0,3.682926829268293,1.0,0.8524687685901249
Sparse and Compressive Sensing Techniques,2023,48,176,0.014737598849748382,0.3333333333333333,3.888888888888889,0.8950605038682802,1.0,-0.06890504273796694,0.0,0.0,0.020833333333333332,0.013749641936407906,0.30113636363636365,3.4204545454545454,0.9610104819964037,1.0,3.7916666666666665,0.0,0.8182870370370371
Statistical Methods and Inference,2019,28,77,0.014056224899598393,0.28205128205128205,2.1025641025641026,0.8792385484830457,0.0,0.3385560517926125,3.0,1.3862943611198906,0.0,0.019760056457304165,0.35064935064935066,2.25974025974026,0.9361870788743559,1.0,2.7857142857142856,6.0,0.46271585557299844
Statistical Methods and Inference,2020,30,101,0.019760056457304165,0.35064935064935066,2.25974025974026,0.9361870788743559,1.0,-0.21623108558844528,1.5,0.9162907318741551,0.0,0.01589825119236884,0.24752475247524752,3.0693069306930694,0.9208740894901145,1.0,3.4,3.0,0.5875
Statistical Methods and Inference,2022,29,107,0.008257279443720122,0.39655172413793105,2.5517241379310347,0.8867786705624544,0.0,0.2305401695503866,0.0,0.0,0.0,0.010424155283968369,0.3177570093457944,3.177570093457944,0.9403460207612457,1.0,3.7586206896551726,1.0,0.6578249336870027
Statistical Methods and Inference,2023,35,120,0.010424155283968369,0.3177570093457944,3.177570093457944,0.9403460207612457,1.0,-0.03858841408557989,0.0,0.0,0.0,0.010025780578630765,0.275,3.183333333333333,0.9311148268961925,1.0,3.4857142857142858,1.0,0.7180124223602484
Stochastic Gradient Optimization Techniques,2016,21,72,0.043256997455470736,0.38,2.36,0.9003160011490952,0.0,-0.14246405746219137,3.0,1.3862943611198906,0.047619047619047616,0.0375,0.2638888888888889,3.7222222222222223,0.8526748971193415,0.979020979020979,3.5714285714285716,7.0,0.5264847512038523
Stochastic Gradient Optimization Techniques,2017,34,102,0.0375,0.2638888888888889,3.7222222222222223,0.8526748971193415,0.979020979020979,0.30628155024526116,4.5,1.7047480922384253,0.14705882352941177,0.050974512743628186,0.2647058823529412,2.9019607843137254,0.9275908951361783,1.0,3.235294117647059,10.0,0.6298617807778849
Stochastic Gradient Optimization Techniques,2018,59,180,0.050974512743628186,0.2647058823529412,2.9019607843137254,0.9275908951361783,1.0,0.14994657695606772,7.0,2.0794415416798357,0.11864406779661017,0.05923694779116466,0.3388888888888889,3.4444444444444446,0.943425696782831,0.988148538319726,3.457627118644068,12.0,0.5835079032565226
Stochastic Gradient Optimization Techniques,2019,72,234,0.05923694779116466,0.3388888888888889,3.4444444444444446,0.943425696782831,0.988148538319726,-0.15314189781827103,6.0,1.9459101490553132,0.125,0.05081157374735357,0.358974358974359,3.358974358974359,0.9569429771444768,1.0,3.4722222222222223,12.0,0.6044205495818399
Stochastic Gradient Optimization Techniques,2020,58,195,0.05081157374735357,0.358974358974359,3.358974358974359,0.9569429771444768,1.0,-0.5013873683546484,5.5,1.8718021769015913,0.08620689655172414,0.03073661897191309,0.4358974358974359,3.476923076923077,0.9213595186587344,0.9996989312057806,3.6379310344827585,7.0,0.4987144585601936
Stochastic Gradient Optimization Techniques,2021,88,289,0.03073661897191309,0.4358974358974359,3.476923076923077,0.9213595186587344,0.9996989312057806,0.21790145215722134,0.5,0.4054651081081644,0.03409090909090909,0.03824424163407214,0.31141868512110726,3.4948096885813147,0.9648956747191243,0.9847718805941266,3.659090909090909,2.0,0.7114381520119225
Stochastic Gradient Optimization Techniques,2022,108,381,0.03824424163407214,0.31141868512110726,3.4948096885813147,0.9648956747191243,0.9847718805941266,0.014929383956670428,0.0,0.0,0.009259259259259259,0.038820992092020126,0.30708661417322836,4.125984251968504,0.9680058584379182,0.9942388690754757,3.8796296296296298,1.0,0.7709986772486772
Stochastic Gradient Optimization Techniques,2023,80,283,0.038820992092020126,0.30708661417322836,4.125984251968504,0.9680058584379182,0.9942388690754757,-0.5253410845359032,0.0,0.0,0.0,0.022916069894013177,0.3250883392226148,3.5618374558303887,0.9619396738793478,1.0,3.725,0.0,0.788109756097561
Topic Modeling,2018,30,119,0.019490254872563718,0.3137254901960784,3.4901960784313726,0.867567226360308,1.0,0.433487661815549,8.0,2.1972245773362196,0.1,0.030120481927710843,0.2605042016806723,4.26890756302521,0.9157396449704143,1.0,4.2,21.0,0.45372279495990836
Topic Modeling,2019,32,118,0.030120481927710843,0.2605042016806723,4.26890756302521,0.9157396449704143,1.0,-0.28690761223497585,7.5,2.1400661634962708,0.25,0.022582921665490474,0.2966101694915254,3.983050847457627,0.9251607062019013,1.0,3.84375,22.0,0.8038954943679599
Topic Modeling,2020,49,280,0.022582921665490474,0.2966101694915254,3.983050847457627,0.9251607062019013,1.0,0.13906336414325793,9.0,2.302585092994046,0.3469387755102041,0.025967143614202437,0.18928571428571428,8.142857142857142,0.8162588488765774,1.0,5.877551020408164,18.0,0.837969633159703
Topic Modeling,2021,49,222,0.025967143614202437,0.18928571428571428,8.142857142857142,0.8162588488765774,1.0,-0.19751424193924993,2.0,1.0986122886681096,0.20408163265306123,0.021295089091699262,0.21621621621621623,5.0,0.9378719259800341,1.0,4.673469387755102,6.0,0.7848191908342285
Topic Modeling,2022,96,610,0.021295089091699262,0.21621621621621623,5.0,0.9378719259800341,1.0,0.48091040977076016,5.0,1.791759469228055,0.4166666666666667,0.03450754852624011,0.1885245901639344,13.760655737704917,0.7846218741794614,0.990062696412122,6.96875,9.0,0.8510078749412318
Topic Modeling,2023,185,1073,0.03450754852624011,0.1885245901639344,13.760655737704917,0.7846218741794614,0.990062696412122,0.4279810220162914,5.0,1.791759469228055,0.43243243243243246,0.05299341162990547,0.24976700838769805,8.100652376514445,0.9512156368788335,0.9972930137232281,6.286486486486487,9.0,0.7426171223610106
