topic,year,n_papers,n_authors,n_papers_t1,n_authors_t1,topic_share_t1,cross_topic_rate_t1,connectivity_t1,modularity_t1,bridge_concentration_t1,topic_growth,median_cites_2yr,log1p_median_c2,hit_rate_2yr,topic_share,cross_topic_rate,connectivity,modularity,bridge_concentration,avg_team_size,median_cites_3yr,citation_gini
3D Shape Modeling and Analysis,2020,29,135,16,55,0.011339475549255847,0.16363636363636364,2.981818181818182,0.8709101725163595,0.0,0.30753196965912544,4.0,1.6094379124341003,0.06896551724137931,0.015458422174840085,0.2074074074074074,4.4148148148148145,0.935093013828206,1.0,4.689655172413793,12.0,0.4940760389036251
3D Shape Modeling and Analysis,2021,23,117,29,135,0.015458422174840085,0.2074074074074074,4.4148148148148145,0.935093013828206,1.0,-0.42558816228665997,3.0,1.3862943611198906,0.30434782608695654,0.010065645514223195,0.1623931623931624,4.52991452991453,0.9407760768956924,1.0,5.173913043478261,8.0,0.5183946488294314
3D Shape Modeling and Analysis,2023,23,104,17,79,0.007602862254025045,0.3037974683544304,4.708860759493671,0.8891779396462018,1.0,0.08453263131660016,2.0,1.0986122886681096,0.08695652173913043,0.008282319049333813,0.2980769230769231,5.0576923076923075,0.8937448559670784,0.9726618705035971,4.826086956521739,3.0,0.7295597484276729
Advanced Bandit Algorithms Research,2013,27,66,15,40,0.04201680672268908,0.15,2.05,0.889946460440214,1.0,0.6036582066617608,3.0,1.3862943611198906,0.0,0.07692307692307693,0.21212121212121213,2.393939393939394,0.8852309099222679,0.9597989949748745,2.7777777777777777,7.0,0.4764132553606238
Advanced Bandit Algorithms Research,2014,28,63,27,66,0.07692307692307693,0.21212121212121213,2.393939393939394,0.8852309099222679,0.9597989949748745,-0.08917687408118669,2.0,1.0986122886681096,0.0,0.07035175879396985,0.23809523809523808,2.0952380952380953,0.8966262975778546,0.9680851063829787,2.607142857142857,4.0,0.5767857142857142
Advanced Bandit Algorithms Research,2015,31,87,28,63,0.07035175879396985,0.23809523809523808,2.0952380952380953,0.8966262975778546,0.9680851063829787,0.13481211092839107,3.0,1.3862943611198906,0.0,0.08051948051948052,0.22988505747126436,2.528735632183908,0.9345020696372046,0.9930555555555556,3.032258064516129,6.0,0.4533724340175953
Advanced Bandit Algorithms Research,2016,43,119,31,87,0.08051948051948052,0.22988505747126436,2.528735632183908,0.9345020696372046,0.9930555555555556,-0.0402610256531557,2.0,1.0986122886681096,0.0,0.07733812949640288,0.17647058823529413,2.823529411764706,0.9426410035430428,1.0,3.13953488372093,4.0,0.5302325581395348
Advanced Bandit Algorithms Research,2017,47,138,43,119,0.07733812949640288,0.17647058823529413,2.823529411764706,0.9426410035430428,1.0,-0.08694175365757939,2.0,1.0986122886681096,0.02127659574468085,0.07088989441930618,0.26811594202898553,2.6956521739130435,0.9500293944738387,1.0,3.127659574468085,5.0,0.6436781609195402
Advanced Bandit Algorithms Research,2018,47,145,47,138,0.07088989441930618,0.26811594202898553,2.6956521739130435,0.9500293944738387,1.0,-0.40325478093554734,2.0,1.0986122886681096,0.02127659574468085,0.0473313192346425,0.2482758620689655,2.6620689655172414,0.9554618915944049,1.0,3.148936170212766,6.0,0.582099907493062
Advanced Bandit Algorithms Research,2019,87,256,47,145,0.0473313192346425,0.2482758620689655,2.6620689655172414,0.9554618915944049,1.0,0.2639472172505033,3.0,1.3862943611198906,0.022988505747126436,0.06165839829907867,0.26953125,2.9375,0.9663869706195387,1.0,3.2298850574712645,7.0,0.5472541507024266
Advanced Bandit Algorithms Research,2020,109,327,87,256,0.06165839829907867,0.26953125,2.9375,0.9663869706195387,1.0,-0.05930431793806967,3.0,1.3862943611198906,0.03669724770642202,0.05810234541577825,0.3516819571865443,3.3211009174311927,0.9622441024093352,0.965896770742161,3.458715596330275,4.0,0.5630921943149346
Advanced Bandit Algorithms Research,2021,131,378,109,327,0.05810234541577825,0.3516819571865443,3.3211009174311927,0.9622441024093352,0.965896770742161,-0.013351598982065838,0.0,0.0,0.022900763358778626,0.05733041575492341,0.3386243386243386,3.4074074074074074,0.9680650185779799,0.9772806575427447,3.4732824427480917,1.0,0.6800572519083969
Advanced Bandit Algorithms Research,2022,110,358,131,378,0.05733041575492341,0.3386243386243386,3.4074074074074074,0.9680650185779799,0.9772806575427447,-0.1527515796058334,0.0,0.0,0.00909090909090909,0.049194991055456175,0.3994413407821229,3.4860335195530725,0.9707444383380697,0.9900649884216026,3.6363636363636362,1.0,0.7195121951219512
Advanced Bandit Algorithms Research,2023,123,412,110,358,0.049194991055456175,0.3994413407821229,3.4860335195530725,0.9707444383380697,0.9900649884216026,-0.10475414878093536,0.0,0.0,0.008130081300813009,0.044292401872524305,0.32281553398058255,3.766990291262136,0.9618410483183909,0.9975640292688316,3.7642276422764227,0.0,0.8514696685428392
Advanced Bandit Algorithms Research,2024,40,160,123,412,0.044292401872524305,0.32281553398058255,3.766990291262136,0.9618410483183909,0.9975640292688316,-0.8174019516371365,0.0,0.0,0.0,0.019502681618722574,0.20625,4.0875,0.946550153757361,1.0,4.175,,0.7691176470588236
Advanced Image and Video Retrieval Techniques,2021,26,116,14,57,0.007462686567164179,0.3157894736842105,3.6140350877192984,0.8681308323121879,0.0,0.41725408837875566,1.0,0.6931471805599453,0.07692307692307693,0.011378555798687089,0.25,3.9310344827586206,0.9436365035395505,1.0,4.538461538461538,3.5,0.6636363636363637
Advanced Image and Video Retrieval Techniques,2024,43,265,12,58,0.004321209938782859,0.2413793103448276,4.413793103448276,0.8680419921875,0.0,1.561217664312136,1.0,0.6931471805599453,0.16279069767441862,0.020965382740126767,0.2037735849056604,6.143396226415095,0.9618259090003562,1.0,6.186046511627907,,0.7137745974955277
Advanced Vision and Imaging,2021,25,104,17,69,0.00906183368869936,0.36231884057971014,4.3478260869565215,0.8505650193961883,0.8797127468581691,0.1865619404996428,2.0,1.0986122886681096,0.2,0.010940919037199124,0.2403846153846154,3.9038461538461537,0.9300749711649369,1.0,4.28,4.0,0.6663529411764706
Advanced Vision and Imaging,2022,34,173,25,104,0.010940919037199124,0.2403846153846154,3.9038461538461537,0.9300749711649369,1.0,0.32661862576706824,5.5,1.8718021769015913,0.35294117647058826,0.01520572450805009,0.17341040462427745,5.5606936416184976,0.9342246707874228,0.9970577418168444,5.294117647058823,13.5,0.5980897513644633
Advanced Vision and Imaging,2023,47,218,34,173,0.01520572450805009,0.17341040462427745,5.5606936416184976,0.9342246707874228,0.9970577418168444,0.10644060795344945,2.0,1.0986122886681096,0.10638297872340426,0.01692473892689953,0.26146788990825687,4.678899082568807,0.9514592851589876,1.0,4.76595744680851,3.0,0.6743901080539155
Advanced Vision and Imaging,2024,21,126,47,218,0.01692473892689953,0.26146788990825687,4.678899082568807,0.9514592851589876,1.0,-0.49875327753372023,1.0,0.6931471805599453,0.19047619047619047,0.010238907849829351,0.1746031746031746,5.666666666666667,0.9166848725071002,0.9945504087193461,6.095238095238095,,0.680952380952381
Adversarial Robustness in Machine Learning,2018,51,180,18,74,0.027149321266968326,0.22972972972972974,3.5135135135135136,0.9156213017751481,0.0,0.6357668002577963,8.0,2.1972245773362196,0.19607843137254902,0.0513595166163142,0.2611111111111111,3.2333333333333334,0.958434978419966,1.0,3.627450980392157,22.0,0.5322989631191786
Adversarial Robustness in Machine Learning,2019,87,356,51,180,0.0513595166163142,0.2611111111111111,3.2333333333333334,0.958434978419966,1.0,0.1824345576809865,9.0,2.302585092994046,0.16091954022988506,0.06165839829907867,0.2696629213483146,4.174157303370786,0.9666312881013992,0.9969054524713904,4.333333333333333,24.0,0.5770731492491302
Adversarial Robustness in Machine Learning,2020,109,419,87,356,0.06165839829907867,0.2696629213483146,4.174157303370786,0.9666312881013992,0.9969054524713904,-0.05930431793806967,5.0,1.791759469228055,0.12844036697247707,0.05810234541577825,0.3126491646778043,4.305489260143198,0.967167558056789,0.9955499764925867,4.18348623853211,8.0,0.5841360856269113
Adversarial Robustness in Machine Learning,2021,131,543,109,419,0.05810234541577825,0.3126491646778043,4.305489260143198,0.967167558056789,0.9955499764925867,-0.013351598982065838,1.0,0.6931471805599453,0.10687022900763359,0.05733041575492341,0.30755064456721914,4.206261510128914,0.9782335637114477,1.0,4.412213740458015,3.0,0.6856208132107805
Adversarial Robustness in Machine Learning,2022,133,576,131,543,0.05733041575492341,0.30755064456721914,4.206261510128914,0.9782335637114477,1.0,0.03676631011308107,2.0,1.0986122886681096,0.022556390977443608,0.059481216457960645,0.2795138888888889,4.795138888888889,0.9791223515406344,0.9931419554530564,4.669172932330827,4.0,0.5650629641588634
Adversarial Robustness in Machine Learning,2023,121,526,133,576,0.059481216457960645,0.2795138888888889,4.795138888888889,0.9791223515406344,0.9931419554530564,-0.3106286152869653,1.0,0.6931471805599453,0.04132231404958678,0.043572200216060494,0.2984790874524715,5.395437262357414,0.9493040262121993,0.9975424352190091,4.68595041322314,2.0,0.7627317400044673
Adversarial Robustness in Machine Learning,2024,31,152,121,526,0.043572200216060494,0.2984790874524715,5.395437262357414,0.9493040262121993,0.9975424352190091,-1.054457685104353,1.0,0.6931471805599453,0.0967741935483871,0.015114578254509995,0.19736842105263158,4.552631578947368,0.9486952454141471,0.0,4.903225806451613,,0.7006451612903226
Anomaly Detection Techniques and Applications,2021,22,80,13,46,0.006929637526652452,0.3695652173913043,2.9130434782608696,0.8768099799509913,0.0,0.32487408140814633,1.0,0.6931471805599453,0.13636363636363635,0.00962800875273523,0.325,3.025,0.9261662454750358,1.0,3.6818181818181817,2.5,0.7162534435261708
Anomaly Detection Techniques and Applications,2022,20,109,22,80,0.00962800875273523,0.325,3.025,0.9261662454750358,1.0,-0.07284754097505264,3.0,1.3862943611198906,0.25,0.008944543828264758,0.3394495412844037,7.321100917431193,0.8026080238189458,1.0,5.6,8.0,0.6878109452736318
Anomaly Detection Techniques and Applications,2023,30,147,20,109,0.008944543828264758,0.3394495412844037,7.321100917431193,0.8026080238189458,1.0,0.18687857563679344,2.5,1.252762968495368,0.03333333333333333,0.010803024846957148,0.30612244897959184,4.843537414965986,0.9252777427092539,1.0,5.033333333333333,4.0,0.5337448559670782
Anomaly Detection Techniques and Applications,2024,26,122,30,147,0.010803024846957148,0.30612244897959184,4.843537414965986,0.9252777427092539,1.0,0.15858630959046316,1.0,0.6931471805599453,0.19230769230769232,0.012676743052169674,0.09016393442622951,4.672131147540983,0.9205540166204986,0.0,4.6923076923076925,,0.6405835543766578
Auction Theory and Applications,2021,20,69,14,43,0.007462686567164179,0.37209302325581395,3.302325581395349,0.84375,0.8181818181818181,0.15749998368755946,0.0,0.0,0.0,0.0087527352297593,0.34782608695652173,3.449275362318841,0.8784722222222222,0.9605263157894737,3.6,1.0,0.625
Auction Theory and Applications,2023,24,87,17,62,0.007602862254025045,0.27419354838709675,3.3225806451612905,0.892261287586012,1.0,0.1265950441179582,0.0,0.0,0.0,0.008642419877565718,0.3563218390804598,3.9770114942528734,0.8640507332540628,0.9897610921501708,3.8333333333333335,0.5,0.6990740740740741
Bayesian Modeling and Causal Inference,2013,23,64,14,41,0.0392156862745098,0.21951219512195122,2.3902439024390243,0.8796334860474802,1.0,0.5123646140302784,3.0,1.3862943611198906,0.043478260869565216,0.06552706552706553,0.15625,2.28125,0.9161993270309248,0.0,2.9565217391304346,6.0,0.39069197795468463
Bayesian Modeling and Causal Inference,2015,23,66,15,44,0.03768844221105527,0.22727272727272727,2.5454545454545454,0.8558673469387756,1.0,0.4596753799773734,1.0,0.6931471805599453,0.0,0.05974025974025974,0.15151515151515152,2.5757575757575757,0.9153596538669553,1.0,3.0434782608695654,3.0,0.48568398727465534
Bayesian Modeling and Causal Inference,2016,21,64,23,66,0.05974025974025974,0.15151515151515152,2.5757575757575757,0.9153596538669553,1.0,-0.45752513150247776,1.0,0.6931471805599453,0.0,0.03776978417266187,0.21875,2.65625,0.921229338842975,1.0,3.1904761904761907,3.0,0.6610644257703081
Bayesian Modeling and Causal Inference,2018,33,106,17,52,0.02564102564102564,0.2692307692307692,2.576923076923077,0.8968589886388952,0.0,0.25845070149227034,2.0,1.0986122886681096,0.030303030303030304,0.03323262839879154,0.24528301886792453,3.169811320754717,0.9234693877551017,1.0,3.3333333333333335,5.0,0.6050505050505051
Bayesian Modeling and Causal Inference,2019,28,83,33,106,0.03323262839879154,0.24528301886792453,3.169811320754717,0.9234693877551017,1.0,-0.5136042807455725,1.5,0.9162907318741551,0.03571428571428571,0.019844082211197732,0.3132530120481928,2.7710843373493974,0.9233691284973335,0.9553072625698324,3.1785714285714284,3.5,0.621012482662968
Bayesian Modeling and Causal Inference,2020,43,140,28,83,0.019844082211197732,0.3132530120481928,2.7710843373493974,0.9233691284973335,0.9553072625698324,0.1434790981114471,3.0,1.3862943611198906,0.023255813953488372,0.022921108742004266,0.32857142857142857,3.2714285714285714,0.9489371027832566,1.0,3.604651162790698,4.0,0.5129568106312292
Bayesian Modeling and Causal Inference,2021,45,146,43,140,0.022921108742004266,0.32857142857142857,3.2714285714285714,0.9489371027832566,1.0,-0.15105017166164458,0.0,0.0,0.0,0.019693654266958426,0.273972602739726,3.4383561643835616,0.950694068866054,1.0,3.511111111111111,2.0,0.6703703703703704
Bayesian Modeling and Causal Inference,2022,36,132,45,146,0.019693654266958426,0.273972602739726,3.4383561643835616,0.950694068866054,1.0,-0.20033910994026494,1.0,0.6931471805599453,0.0,0.016100178890876567,0.2803030303030303,3.621212121212121,0.9283333333333333,1.0,3.8333333333333335,2.0,0.5603864734299517
Bayesian Modeling and Causal Inference,2023,56,198,36,132,0.016100178890876567,0.2803030303030303,3.621212121212121,0.9283333333333333,1.0,0.2239048711692675,0.0,0.0,0.0,0.020165646380986675,0.31313131313131315,3.7676767676767677,0.929026299333712,1.0,3.6964285714285716,1.0,0.729978354978355
Bayesian Modeling and Causal Inference,2024,22,94,56,198,0.020165646380986675,0.31313131313131315,3.7676767676767677,0.929026299333712,1.0,-0.626932642859451,0.0,0.0,0.0,0.010726474890297415,0.1702127659574468,4.0212765957446805,0.9100529100529099,0.0,4.2727272727272725,,0.6742424242424242
Domain Adaptation and Few-Shot Learning,2017,23,87,17,66,0.030575539568345324,0.18181818181818182,3.3636363636363638,0.9096664231799367,0.0,0.12588738638930552,13.0,2.639057329615259,0.30434782608695654,0.03469079939668175,0.27586206896551724,3.7241379310344827,0.896890717878372,1.0,3.869565217391304,31.0,0.6144828609585992
Domain Adaptation and Few-Shot Learning,2018,48,205,23,87,0.03469079939668175,0.27586206896551724,3.7241379310344827,0.896890717878372,1.0,0.33093927225654163,13.0,2.639057329615259,0.2708333333333333,0.04833836858006042,0.16097560975609757,4.614634146341463,0.947543402777778,0.996823716251985,4.541666666666667,34.5,0.5475610920198549
Domain Adaptation and Few-Shot Learning,2019,63,284,48,205,0.04833836858006042,0.16097560975609757,4.614634146341463,0.947543402777778,0.996823716251985,-0.07921900721802944,7.0,2.0794415416798357,0.15873015873015872,0.0446491849751949,0.2640845070422535,4.704225352112676,0.9537135219425258,1.0,4.634920634920635,18.0,0.5410595656785575
Domain Adaptation and Few-Shot Learning,2020,127,523,63,284,0.0446491849751949,0.2640845070422535,4.704225352112676,0.9537135219425258,1.0,0.41544807958315655,6.0,1.9459101490553132,0.1889763779527559,0.06769722814498934,0.28489483747609945,4.409177820267686,0.9707075561480436,0.999656652360515,4.3858267716535435,10.0,0.7674552833673569
Domain Adaptation and Few-Shot Learning,2021,166,688,127,523,0.06769722814498934,0.28489483747609945,4.409177820267686,0.9707075561480436,0.999656652360515,0.07047601222518685,2.0,1.0986122886681096,0.1746987951807229,0.07264770240700219,0.32848837209302323,4.261627906976744,0.981087838223463,1.0,4.379518072289157,5.0,0.6863018576770135
Domain Adaptation and Few-Shot Learning,2022,154,718,166,688,0.07264770240700219,0.32848837209302323,4.261627906976744,0.981087838223463,1.0,-0.053282381403193746,2.0,1.0986122886681096,0.07792207792207792,0.06887298747763863,0.2799442896935933,4.805013927576602,0.9847591058675439,1.0,4.818181818181818,5.0,0.5829236878823656
Domain Adaptation and Few-Shot Learning,2023,145,711,154,718,0.06887298747763863,0.2799442896935933,4.805013927576602,0.9847591058675439,1.0,-0.27643906721014755,1.0,0.6931471805599453,0.05517241379310345,0.052214620093626214,0.31926863572433195,5.246132208157524,0.9821239257024509,0.9990467173495273,5.117241379310345,2.0,0.6580240671453129
Explainable Artificial Intelligence (XAI),2020,35,166,19,73,0.013465627214741318,0.273972602739726,3.26027397260274,0.9225337193701011,0.0,0.324012714463044,4.0,1.6094379124341003,0.05714285714285714,0.018656716417910446,0.2289156626506024,6.072289156626506,0.8590325018896445,1.0,4.8,11.0,0.48614393125671324
Explainable Artificial Intelligence (XAI),2021,41,166,35,166,0.018656716417910446,0.2289156626506024,6.072289156626506,0.8590325018896445,1.0,-0.038788156795076745,1.0,0.6931471805599453,0.0975609756097561,0.017943107221006564,0.27710843373493976,3.7228915662650603,0.9594557823129253,1.0,4.170731707317073,3.0,0.7234461054287962
Explainable Artificial Intelligence (XAI),2022,52,233,41,166,0.017943107221006564,0.27710843373493976,3.7228915662650603,0.9594557823129253,1.0,0.2580822042706745,2.0,1.0986122886681096,0.11538461538461539,0.023255813953488372,0.3090128755364807,5.167381974248927,0.9110803407073379,1.0,4.673076923076923,4.5,0.6364992150706437
Explainable Artificial Intelligence (XAI),2023,72,372,52,233,0.023255813953488372,0.3090128755364807,5.167381974248927,0.9110803407073379,1.0,0.1082984914900571,1.0,0.6931471805599453,0.09722222222222222,0.025927259632697156,0.22311827956989247,8.89247311827957,0.7635600232254318,1.0,5.263888888888889,2.0,0.8515571526351814
Face and Expression Recognition,2024,22,95,18,91,0.006481814908174289,0.2857142857142857,6.131868131868132,0.7666204185454966,1.0,0.4976839839175442,0.0,0.0,0.0,0.010726474890297415,0.21052631578947367,4.631578947368421,0.8399999999999995,0.0,4.318181818181818,,0.8140495867768595
Gaussian Processes and Bayesian Inference,2014,20,56,15,45,0.042735042735042736,0.15555555555555556,2.488888888888889,0.9085872576177283,1.0,0.16166704674267462,3.5,1.5040773967762742,0.1,0.05025125628140704,0.16071428571428573,2.5714285714285716,0.8827160493827161,1.0,3.0,6.5,0.4875
Gaussian Processes and Bayesian Inference,2015,28,84,20,56,0.05025125628140704,0.16071428571428573,2.5714285714285716,0.8827160493827161,1.0,0.3690669405980582,3.5,1.5040773967762742,0.03571428571428571,0.07272727272727272,0.27380952380952384,2.880952380952381,0.9170138651731439,1.0,3.25,7.5,0.4794713160854893
Gaussian Processes and Bayesian Inference,2016,20,60,28,84,0.07272727272727272,0.27380952380952384,2.880952380952381,0.9170138651731439,1.0,-0.7025951091904035,4.5,1.7047480922384253,0.15,0.03597122302158273,0.26666666666666666,2.433333333333333,0.9164946519046723,1.0,3.1,10.5,0.5641843971631205
Gaussian Processes and Bayesian Inference,2017,32,100,20,60,0.03597122302158273,0.26666666666666666,2.433333333333333,0.9164946519046723,1.0,0.29329052199071937,2.5,1.252762968495368,0.0625,0.048265460030165915,0.29,2.84,0.9197579845268798,1.0,3.21875,6.0,0.6676432291666666
Gaussian Processes and Bayesian Inference,2018,35,117,32,100,0.048265460030165915,0.29,2.84,0.9197579845268798,1.0,-0.31358012103303956,4.0,1.6094379124341003,0.02857142857142857,0.035246727089627394,0.2564102564102564,3.3846153846153846,0.9332999999999998,0.9910233393177738,3.5714285714285716,9.0,0.5021848739495798
Gaussian Processes and Bayesian Inference,2019,36,141,35,117,0.035246727089627394,0.2564102564102564,3.3846153846153846,0.9332999999999998,0.9910233393177738,-0.3220737531710629,3.0,1.3862943611198906,0.05555555555555555,0.025513819985825654,0.2553191489361702,4.127659574468085,0.9264652047094389,1.0,4.111111111111111,6.5,0.6851851851851852
Gaussian Processes and Bayesian Inference,2020,44,162,36,141,0.025513819985825654,0.2553191489361702,4.127659574468085,0.9264652047094389,1.0,-0.08382969286526532,2.5,1.252762968495368,0.06818181818181818,0.023454157782515993,0.3271604938271605,3.419753086419753,0.9539808937950446,1.0,3.7954545454545454,4.0,0.7280618686868687
Gaussian Processes and Bayesian Inference,2021,54,178,44,162,0.023454157782515993,0.3271604938271605,3.419753086419753,0.9539808937950446,1.0,0.007538220003800333,1.0,0.6931471805599453,0.018518518518518517,0.02363238512035011,0.3089887640449438,3.5730337078651684,0.9514739965190416,0.9953161592505855,3.6666666666666665,1.0,0.6254480286738351
Gaussian Processes and Bayesian Inference,2022,36,134,54,178,0.02363238512035011,0.3089887640449438,3.5730337078651684,0.9514739965190416,0.9953161592505855,-0.3818182913333792,0.0,0.0,0.0,0.016100178890876567,0.30597014925373134,3.2686567164179103,0.9540251454306624,1.0,3.8333333333333335,2.0,0.7695195195195195
Gaussian Processes and Bayesian Inference,2023,31,116,36,134,0.016100178890876567,0.30597014925373134,3.2686567164179103,0.9540251454306624,1.0,-0.36348810958680655,1.0,0.6931471805599453,0.03225806451612903,0.011163125675189053,0.29310344827586204,3.4655172413793105,0.9277493131358132,1.0,3.774193548387097,1.0,0.7512544802867384
Generative Adversarial Networks and Image Synthesis,2016,20,80,12,38,0.03116883116883117,0.3157894736842105,2.9473684210526314,0.8386479591836735,1.0,0.14287360913619818,15.5,2.803360380906535,0.35,0.03597122302158273,0.3125,4.25,0.8523135323689338,0.9949409780775719,4.25,30.5,0.6262599469496021
Generative Adversarial Networks and Image Synthesis,2017,35,138,20,80,0.03597122302158273,0.3125,4.25,0.8523135323689338,0.9949409780775719,0.3827254428710458,19.0,2.995732273553991,0.4857142857142857,0.05279034690799397,0.2971014492753623,3.9420289855072466,0.9220147603985989,1.0,4.314285714285714,47.0,0.6203378453965768
Generative Adversarial Networks and Image Synthesis,2018,38,144,35,138,0.05279034690799397,0.2971014492753623,3.9420289855072466,0.9220147603985989,1.0,-0.3210003199059157,11.0,2.4849066497880004,0.21052631578947367,0.038267875125881166,0.2916666666666667,3.861111111111111,0.9408695431922093,1.0,3.8947368421052633,29.0,0.39890764647467725
Generative Adversarial Networks and Image Synthesis,2019,60,231,38,144,0.038267875125881166,0.2916666666666667,3.861111111111111,0.9408695431922093,1.0,0.10517427098014487,5.5,1.8718021769015913,0.18333333333333332,0.042523033309709427,0.2987012987012987,3.6363636363636362,0.9634013605442171,1.0,3.933333333333333,14.0,0.6036451169188446
Generative Adversarial Networks and Image Synthesis,2020,68,247,60,231,0.042523033309709427,0.2987012987012987,3.6363636363636362,0.9634013605442171,1.0,-0.15927391562493654,4.0,1.6094379124341003,0.17647058823529413,0.03624733475479744,0.29554655870445345,3.5465587044534415,0.9609746732322896,1.0,3.7941176470588234,5.0,0.724537518187487
Generative Adversarial Networks and Image Synthesis,2021,71,273,68,247,0.03624733475479744,0.29554655870445345,3.5465587044534415,0.9609746732322896,1.0,-0.15359388467302448,1.0,0.6931471805599453,0.2112676056338028,0.031072210065645513,0.27472527472527475,4.007326007326007,0.9380938106843563,1.0,4.028169014084507,2.0,0.8520872527584278
Generative Adversarial Networks and Image Synthesis,2022,70,312,71,273,0.031072210065645513,0.27472527472527475,4.007326007326007,0.9380938106843563,1.0,0.007468886698863919,2.0,1.0986122886681096,0.14285714285714285,0.03130590339892665,0.3333333333333333,4.7243589743589745,0.9523906394170337,1.0,4.614285714285714,5.0,0.7829825347066727
Generative Adversarial Networks and Image Synthesis,2023,89,444,70,312,0.03130590339892665,0.3333333333333333,4.7243589743589745,0.9523906394170337,1.0,0.02338464674928087,2.0,1.0986122886681096,0.2247191011235955,0.03204897371263954,0.31756756756756754,5.328828828828829,0.9713975595665344,0.9974382763061334,5.258426966292135,5.0,0.7253666561657741
Generative Adversarial Networks and Image Synthesis,2024,24,120,89,444,0.03204897371263954,0.31756756756756754,5.328828828828829,0.9713975595665344,0.9974382763061334,-1.0021446526570617,1.0,0.6931471805599453,0.08333333333333333,0.011701608971233545,0.275,4.95,0.924939632010339,1.0,5.041666666666667,,0.7029569892473119
Human Pose and Action Recognition,2021,25,115,12,48,0.006396588486140725,0.25,4.375,0.6949659863945579,0.0,0.5303310926728164,1.0,0.6931471805599453,0.16,0.010940919037199124,0.2608695652173913,4.173913043478261,0.9434375000000002,0.0,4.6,4.0,0.8384615384615385
Human Pose and Action Recognition,2022,30,149,25,115,0.010940919037199124,0.2608695652173913,4.173913043478261,0.9434375000000002,0.0,0.20232623735581523,4.0,1.6094379124341003,0.13333333333333333,0.013416815742397137,0.2751677852348993,4.832214765100671,0.9428317737859435,1.0,5.066666666666666,8.0,0.6227642276422765
Human Pose and Action Recognition,2023,34,184,30,149,0.013416815742397137,0.2751677852348993,4.832214765100671,0.9428317737859435,1.0,-0.09081073222488101,2.0,1.0986122886681096,0.14705882352941177,0.012243428159884768,0.28804347826086957,6.858695652173913,0.8996614793229587,0.9952515366554985,5.705882352941177,3.0,0.6542656797818465
Human Pose and Action Recognition,2024,20,122,34,184,0.012243428159884768,0.28804347826086957,6.858695652173913,0.8996614793229587,0.9952515366554985,-0.2255162199402978,1.0,0.6931471805599453,0.05,0.009751340809361287,0.1721311475409836,5.983606557377049,0.9140326515293676,0.0,6.1,,0.6111111111111112
Machine Learning and Algorithms,2013,25,76,34,93,0.09523809523809523,0.1935483870967742,2.6451612903225805,0.8812214951417805,1.0,-0.29018157525620003,2.0,1.0986122886681096,0.16,0.07122507122507123,0.2631578947368421,2.6842105263157894,0.9209919261822378,1.0,3.12,5.0,0.6288695652173913
Machine Learning and Algorithms,2014,31,83,25,76,0.07122507122507123,0.2631578947368421,2.6842105263157894,0.9209919261822378,1.0,0.08932562999495941,2.0,1.0986122886681096,0.0,0.07788944723618091,0.24096385542168675,2.433734939759036,0.8823129251700682,0.9937532535137947,2.903225806451613,5.0,0.4283154121863799
Machine Learning and Algorithms,2015,31,87,31,83,0.07788944723618091,0.24096385542168675,2.433734939759036,0.8823129251700682,0.9937532535137947,0.03316678840643439,2.0,1.0986122886681096,0.0,0.08051948051948052,0.21839080459770116,2.5977011494252875,0.9311614065314432,1.0,2.935483870967742,6.0,0.5021037868162693
Machine Learning and Algorithms,2016,39,114,31,87,0.08051948051948052,0.21839080459770116,2.5977011494252875,0.9311614065314432,1.0,-0.13776705747393203,3.0,1.3862943611198906,0.02564102564102564,0.07014388489208633,0.19298245614035087,2.6491228070175437,0.9362880886426591,1.0,3.0256410256410255,4.0,0.5659879336349924
Machine Learning and Algorithms,2017,55,169,39,114,0.07014388489208633,0.19298245614035087,2.6491228070175437,0.9362880886426591,1.0,0.16754494597173952,2.0,1.0986122886681096,0.07272727272727272,0.08295625942684766,0.25443786982248523,2.8757396449704142,0.9577009579341939,1.0,3.2181818181818183,5.0,0.7418732782369146
Machine Learning and Algorithms,2018,72,246,55,169,0.08295625942684766,0.25443786982248523,2.8757396449704142,0.9577009579341939,1.0,-0.13444925215435832,4.0,1.6094379124341003,0.06944444444444445,0.07250755287009064,0.24796747967479674,3.430894308943089,0.9615335174130129,0.9836363636363635,3.6944444444444446,8.0,0.6088998211091234
Machine Learning and Algorithms,2019,93,300,72,246,0.07250755287009064,0.24796747967479674,3.430894308943089,0.9615335174130129,0.9836363636363635,-0.09525207565083305,3.0,1.3862943611198906,0.07526881720430108,0.06591070163004961,0.2833333333333333,3.2133333333333334,0.9701011024742167,1.0,3.4193548387096775,7.0,0.6586135895676046
Machine Learning and Algorithms,2020,116,403,93,300,0.06591070163004961,0.2833333333333333,3.2133333333333334,0.9701011024742167,1.0,-0.06375259921699739,3.0,1.3862943611198906,0.0603448275862069,0.06183368869936034,0.37220843672456577,3.4838709677419355,0.9795958379430587,1.0,3.6551724137931036,4.0,0.6087639087804341
Machine Learning and Algorithms,2021,121,447,116,403,0.06183368869936034,0.37220843672456577,3.4838709677419355,0.9795958379430587,1.0,-0.15475310541422438,1.0,0.6931471805599453,0.09090909090909091,0.052954048140043765,0.319910514541387,3.713646532438479,0.9787074829931969,0.995655523691307,3.958677685950413,2.0,0.6929790685100795
Machine Learning and Algorithms,2022,168,664,121,447,0.052954048140043765,0.319910514541387,3.713646532438479,0.9787074829931969,0.995655523691307,0.349294321398534,1.0,0.6931471805599453,0.02976190476190476,0.07513416815742398,0.30873493975903615,4.192771084337349,0.9851595181744891,0.9963590900422078,4.196428571428571,2.0,0.7377393892339544
Machine Learning and Algorithms,2023,162,715,168,664,0.07513416815742398,0.30873493975903615,4.192771084337349,0.9851595181744891,0.9963590900422078,-0.25266763468046927,1.0,0.6931471805599453,0.06172839506172839,0.0583363341735686,0.3230769230769231,6.0643356643356645,0.906630482371853,0.9995355487657208,4.660493827160494,1.0,0.8267120396750026
Machine Learning and Algorithms,2024,60,310,162,715,0.0583363341735686,0.3230769230769231,6.0643356643356645,0.906630482371853,0.9995355487657208,-0.6885082696347125,1.0,0.6931471805599453,0.11666666666666667,0.02925402242808386,0.15161290322580645,5.458064516129032,0.9522350569898064,1.0,5.233333333333333,,0.6752380952380952
Markov Chains and Monte Carlo Methods,2020,20,67,19,57,0.013465627214741318,0.45614035087719296,2.6315789473684212,0.8832,1.0,-0.23161247882014369,2.5,1.252762968495368,0.0,0.010660980810234541,0.3582089552238806,2.7761194029850746,0.9189501676494394,1.0,3.4,5.0,0.5271428571428571
Multimodal Machine Learning Applications,2018,24,96,14,55,0.021116138763197588,0.34545454545454546,4.181818181818182,0.852930056710775,1.0,0.13444525488890058,10.5,2.4423470353692043,0.125,0.02416918429003021,0.2604166666666667,3.9375,0.8902326362643821,1.0,4.083333333333333,21.5,0.4199374288964733
Multimodal Machine Learning Applications,2019,24,103,24,96,0.02416918429003021,0.2604166666666667,3.9375,0.8902326362643821,1.0,-0.34959030008526293,6.0,1.9459101490553132,0.125,0.01700921332388377,0.1941747572815534,4.097087378640777,0.9217835618831338,1.0,4.458333333333333,14.0,0.6160824108241082
Multimodal Machine Learning Applications,2020,27,122,24,103,0.01700921332388377,0.1941747572815534,4.097087378640777,0.9217835618831338,1.0,-0.1659979728642993,5.0,1.791759469228055,0.18518518518518517,0.014392324093816631,0.21311475409836064,4.311475409836065,0.9335745378483802,1.0,4.62962962962963,10.0,0.6385542168674698
Multimodal Machine Learning Applications,2021,44,217,27,122,0.014392324093816631,0.21311475409836064,4.311475409836065,0.9335745378483802,1.0,0.2893842169066816,2.0,1.0986122886681096,0.3409090909090909,0.01925601750547046,0.2903225806451613,4.857142857142857,0.9572929006333508,1.0,5.0,9.0,0.6635647816750179
Multimodal Machine Learning Applications,2022,75,433,44,217,0.01925601750547046,0.2903225806451613,4.857142857142857,0.9572929006333508,1.0,0.5527731028902014,7.0,2.0794415416798357,0.4,0.03354203935599284,0.2748267898383372,8.226327944572748,0.9024663748126154,0.9930554313206637,6.413333333333333,15.0,0.7649301503094607
Multimodal Machine Learning Applications,2023,149,889,75,433,0.03354203935599284,0.2748267898383372,8.226327944572748,0.9024663748126154,0.9930554313206637,0.46866066515145244,5.0,1.791759469228055,0.31543624161073824,0.053655023406553835,0.26209223847019125,7.419572553430821,0.9656405928572255,0.9990363935946143,6.456375838926174,7.0,0.7537552642152413
Multimodal Machine Learning Applications,2024,45,394,149,889,0.053655023406553835,0.26209223847019125,7.419572553430821,0.9656405928572255,0.9990363935946143,-0.891554688126047,1.0,0.6931471805599453,0.08888888888888889,0.021940516821062895,0.13451776649746192,22.03045685279188,0.5569411018628617,1.0,8.955555555555556,,0.7162861491628615
Music and Audio Processing,2023,33,197,10,59,0.004472271914132379,0.23728813559322035,6.915254237288136,0.8009518143961927,0.9597315436241607,0.9635060767168726,2.0,1.0986122886681096,0.21212121212121213,0.011883327331652862,0.17766497461928935,8.17258883248731,0.8282636199882363,1.0,6.121212121212121,4.0,0.6587878787878788
Natural Language Processing Techniques,2021,28,134,18,80,0.009594882729211088,0.2125,4.1,0.9144854253420582,0.0,0.24236788893036287,1.5,0.9162907318741551,0.17857142857142858,0.01225382932166302,0.22388059701492538,4.850746268656716,0.9277349112426038,0.0,4.785714285714286,6.5,0.6063402889245586
Natural Language Processing Techniques,2023,46,219,19,116,0.00849731663685152,0.22413793103448276,8.051724137931034,0.8582642865985906,1.0,0.6618388596716729,2.0,1.0986122886681096,0.2391304347826087,0.016564638098667626,0.3242009132420091,5.269406392694064,0.9430843598939654,1.0,4.978260869565218,2.5,0.6852105443341322
Natural Language Processing Techniques,2024,109,750,46,219,0.016564638098667626,0.3242009132420091,5.269406392694064,0.9430843598939654,1.0,1.1616112911543652,2.0,1.0986122886681096,0.21100917431192662,0.05314480741101901,0.18666666666666668,11.32,0.8149439733909494,0.9994823521892441,7.045871559633028,,0.614010571723677
Neural Networks and Applications,2015,24,75,15,53,0.03768844221105527,0.22641509433962265,3.358490566037736,0.8259058199722258,1.0,0.5021653621493574,7.5,2.1400661634962708,0.375,0.06233766233766234,0.12,2.6133333333333333,0.9054560599750106,0.0,3.125,17.5,0.7618954758190327
Neural Networks and Applications,2016,29,101,24,75,0.06233766233766234,0.12,2.6133333333333333,0.9054560599750106,0.0,-0.17797043587213812,5.0,1.791759469228055,0.27586206896551724,0.052158273381294966,0.18811881188118812,3.128712871287129,0.9304598622015701,1.0,3.5172413793103448,22.0,0.7064022794673489
Neural Networks and Applications,2017,42,156,29,101,0.052158273381294966,0.18811881188118812,3.128712871287129,0.9304598622015701,1.0,0.1940290133381395,8.5,2.2512917986064953,0.14285714285714285,0.06334841628959276,0.21153846153846154,4.358974358974359,0.8895692331507298,1.0,3.7857142857142856,21.5,0.5521114106019767
Neural Networks and Applications,2018,83,330,42,156,0.06334841628959276,0.21153846153846154,4.358974358974359,0.8895692331507298,1.0,0.27683365930285353,8.0,2.1972245773362196,0.1686746987951807,0.08358509566968782,0.19696969696969696,3.9272727272727272,0.9665871711820255,1.0,4.180722891566265,19.0,0.6675932279948923
Neural Networks and Applications,2019,131,521,83,330,0.08358509566968782,0.19696969696969696,3.9272727272727272,0.9665871711820255,1.0,0.10491427673507925,8.0,2.1972245773362196,0.1984732824427481,0.09284195605953224,0.2821497120921305,3.930902111324376,0.9834020250978175,1.0,4.091603053435114,19.0,0.5652023136235781
Neural Networks and Applications,2020,201,813,131,521,0.09284195605953224,0.2821497120921305,3.930902111324376,0.9834020250978175,1.0,0.1431207856117167,5.0,1.791759469228055,0.13432835820895522,0.10714285714285714,0.21648216482164823,4.511685116851169,0.9781309416025334,0.9952118165244013,4.407960199004975,10.0,0.5920498012450311
Neural Networks and Applications,2021,232,1028,201,813,0.10714285714285714,0.21648216482164823,4.511685116851169,0.9781309416025334,0.9952118165244013,-0.053740179119749154,1.0,0.6931471805599453,0.22413793103448276,0.10153172866520788,0.2480544747081712,4.912451361867705,0.9815523405392751,0.9941737781164024,4.797413793103448,5.0,0.8542969339345884
Neural Networks and Applications,2022,267,1142,232,1028,0.10153172866520788,0.2480544747081712,4.912451361867705,0.9815523405392751,0.9941737781164024,0.16204142941875954,2.0,1.0986122886681096,0.14232209737827714,0.11940966010733453,0.2434325744308231,5.1541155866900175,0.9775675837549493,1.0,4.632958801498128,5.0,0.7182392634869191
Neural Networks and Applications,2023,302,1348,267,1142,0.11940966010733453,0.2434325744308231,5.1541155866900175,0.9775675837549493,1.0,-0.09342228286323095,1.0,0.6931471805599453,0.08940397350993377,0.10875045012603529,0.2470326409495549,5.318991097922849,0.9862426672346818,0.9946033229657782,4.860927152317881,3.0,0.7337223154469878
Neural Networks and Applications,2024,187,862,302,1348,0.10875045012603529,0.2470326409495549,5.318991097922849,0.9862426672346818,0.9946033229657782,-0.17609759478753073,1.0,0.6931471805599453,0.058823529411764705,0.09117503656752804,0.15661252900232017,4.907192575406032,0.9841946246835337,1.0,4.695187165775401,,0.6673119268274977
Neural dynamics and brain function,2020,27,101,15,56,0.010630758327427357,0.21428571428571427,5.0,0.6149590060862129,0.9779816513761472,0.3005049087016962,2.0,1.0986122886681096,0.0,0.014392324093816631,0.18811881188118812,3.4653465346534653,0.9325061224489797,1.0,3.814814814814815,4.0,0.6120463898241676
Neural dynamics and brain function,2021,23,93,27,101,0.014392324093816631,0.18811881188118812,3.4653465346534653,0.9325061224489797,1.0,-0.35460518774227445,3.0,1.3862943611198906,0.17391304347826086,0.010065645514223195,0.20430107526881722,4.860215053763441,0.9152516058918281,1.0,4.130434782608695,4.0,0.4879948085658663
Neural dynamics and brain function,2023,35,155,17,72,0.007602862254025045,0.125,3.9722222222222223,0.8847376399823955,0.0,0.500287846854679,1.0,0.6931471805599453,0.02857142857142857,0.012603528988116673,0.14193548387096774,5.174193548387096,0.8915868419098534,0.9968602825745683,4.571428571428571,3.0,0.5927710843373494
Privacy-Preserving Technologies in Data,2019,33,101,17,47,0.017119838872104734,0.19148936170212766,2.765957446808511,0.8301193755739211,0.8832487309644671,0.3104133891583003,3.0,1.3862943611198906,0.06060606060606061,0.023387668320340185,0.22772277227722773,3.4257425742574257,0.8824816326530611,0.9891891891891891,3.3636363636363638,6.0,0.7182462927143778
Privacy-Preserving Technologies in Data,2020,36,117,33,101,0.023387668320340185,0.22772277227722773,3.4257425742574257,0.8824816326530611,0.9891891891891891,-0.19690086296296716,5.5,1.8718021769015913,0.2222222222222222,0.019189765458422176,0.3333333333333333,3.264957264957265,0.9050908704431927,0.9732101378206784,3.5555555555555554,9.5,0.5849898063200816
Privacy-Preserving Technologies in Data,2021,58,228,36,117,0.019189765458422176,0.3333333333333333,3.264957264957265,0.9050908704431927,0.9732101378206784,0.2784342331229901,2.0,1.0986122886681096,0.1896551724137931,0.02538293216630197,0.25,4.307017543859649,0.9461402558802253,0.9815756455127782,4.362068965517241,4.0,0.5982850820579015
Privacy-Preserving Technologies in Data,2022,61,258,58,228,0.02538293216630197,0.25,4.307017543859649,0.9461402558802253,0.9815756455127782,0.07183527955432423,2.0,1.0986122886681096,0.08196721311475409,0.02728085867620751,0.26356589147286824,5.976744186046512,0.8235212690273559,1.0,4.491803278688525,4.0,0.593607305936073
Privacy-Preserving Technologies in Data,2023,82,335,61,258,0.02728085867620751,0.26356589147286824,5.976744186046512,0.8235212690273559,1.0,0.07888472193147589,1.0,0.6931471805599453,0.0,0.029528267915016206,0.23880597014925373,4.776119402985074,0.952573513220944,0.9905559632464765,4.646341463414634,2.0,0.621217678342197
Privacy-Preserving Technologies in Data,2024,22,150,82,335,0.029528267915016206,0.23880597014925373,4.776119402985074,0.952573513220944,0.9905559632464765,-1.0067343896054135,1.0,0.6931471805599453,0.045454545454545456,0.010726474890297415,0.11333333333333333,18.56,0.2845477853745541,0.0,6.818181818181818,,0.5454545454545454
Reinforcement Learning in Robotics,2017,32,141,17,62,0.030575539568345324,0.25806451612903225,3.6774193548387095,0.8405663281009541,1.0,0.4553203429406327,7.5,2.1400661634962708,0.28125,0.048265460030165915,0.2907801418439716,5.602836879432624,0.7975115634259466,0.9943480991256458,4.75,15.0,0.6085464015151515
Reinforcement Learning in Robotics,2018,59,208,32,141,0.048265460030165915,0.2907801418439716,5.602836879432624,0.7975115634259466,0.9943480991256458,0.20745777172421453,6.0,1.9459101490553132,0.13559322033898305,0.059415911379657606,0.20673076923076922,3.4903846153846154,0.9413329387033371,1.0,3.7796610169491527,16.0,0.5324412726732084
Reinforcement Learning in Robotics,2019,89,352,59,208,0.059415911379657606,0.20673076923076922,3.4903846153846154,0.9413329387033371,1.0,0.05967813976347003,6.0,1.9459101490553132,0.0898876404494382,0.06307583274273565,0.2585227272727273,5.1875,0.9257601187378589,0.9867588066002694,4.47191011235955,12.0,0.5141867345218204
Reinforcement Learning in Robotics,2020,130,487,89,352,0.06307583274273565,0.2585227272727273,5.1875,0.9257601187378589,0.9867588066002694,0.09391280184906137,5.0,1.791759469228055,0.1,0.06929637526652452,0.31211498973305957,4.579055441478439,0.9312902495581431,0.980791589184295,4.3076923076923075,7.0,0.6168902272105119
Reinforcement Learning in Robotics,2021,170,676,130,487,0.06929637526652452,0.31211498973305957,4.579055441478439,0.9312902495581431,0.980791589184295,0.07094099127390141,1.0,0.6931471805599453,0.12352941176470589,0.07439824945295405,0.2958579881656805,5.8609467455621305,0.9358084184907534,0.9890205459772545,4.8,3.0,0.7003770739064856
Reinforcement Learning in Robotics,2022,143,621,170,676,0.07439824945295405,0.2958579881656805,5.8609467455621305,0.9358084184907534,0.9890205459772545,-0.15105713770946227,1.0,0.6931471805599453,0.02097902097902098,0.06395348837209303,0.24798711755233493,5.413848631239936,0.9538987269872022,0.9979094805032801,4.825174825174825,2.0,0.8383894283174859
Reinforcement Learning in Robotics,2023,133,603,143,621,0.06395348837209303,0.24798711755233493,5.413848631239936,0.9538987269872022,0.9979094805032801,-0.2886547770819945,0.0,0.0,0.03007518796992481,0.04789341015484336,0.31343283582089554,5.266998341625207,0.9584959734509292,0.9995917708927526,4.977443609022556,1.0,0.7529227693511235
Reinforcement Learning in Robotics,2024,41,186,133,603,0.04789341015484336,0.31343283582089554,5.266998341625207,0.9584959734509292,0.9995917708927526,-0.8708291570301081,0.0,0.0,0.0,0.019990248659190638,0.23118279569892472,6.10752688172043,0.8204190913981118,0.9871762544576926,4.658536585365853,,0.7627494456762749
Sparse and Compressive Sensing Techniques,2013,36,92,31,88,0.08683473389355742,0.22727272727272727,2.477272727272727,0.9394627613752056,1.0,0.16630486697522295,3.0,1.3862943611198906,0.05555555555555555,0.10256410256410256,0.25,2.347826086956522,0.9239535393381546,1.0,2.8055555555555554,7.5,0.4776094276094276
Sparse and Compressive Sensing Techniques,2014,43,125,36,92,0.10256410256410256,0.25,2.347826086956522,0.9239535393381546,1.0,0.05196602373167414,4.0,1.6094379124341003,0.046511627906976744,0.10804020100502512,0.208,2.848,0.9396518259727072,0.9675405742821472,3.2790697674418605,8.0,0.46699342997184273
Sparse and Compressive Sensing Techniques,2015,38,97,43,125,0.10804020100502512,0.208,2.848,0.9396518259727072,0.9675405742821472,-0.09031779328286538,3.0,1.3862943611198906,0.05263157894736842,0.0987012987012987,0.26804123711340205,2.1030927835051547,0.9449982200071196,1.0,2.789473684210526,6.0,0.5304409672830726
Sparse and Compressive Sensing Techniques,2016,52,136,38,97,0.0987012987012987,0.26804123711340205,2.1030927835051547,0.9449982200071196,1.0,-0.0538113865552825,3.0,1.3862943611198906,0.057692307692307696,0.09352517985611511,0.16911764705882354,2.3823529411764706,0.9536942952533025,0.9620991253644315,2.8076923076923075,5.0,0.6293190416141236
Sparse and Compressive Sensing Techniques,2017,39,114,52,136,0.09352517985611511,0.16911764705882354,2.3823529411764706,0.9536942952533025,0.9620991253644315,-0.4630588713006327,2.0,1.0986122886681096,0.0,0.058823529411764705,0.2543859649122807,2.56140350877193,0.9437734277384426,1.0,3.0256410256410255,4.0,0.5525083612040134
Sparse and Compressive Sensing Techniques,2018,40,118,39,114,0.058823529411764705,0.2543859649122807,2.56140350877193,0.9437734277384426,1.0,-0.37785699882348034,2.0,1.0986122886681096,0.0,0.04028197381671702,0.211864406779661,2.9152542372881354,0.933958951769925,1.0,3.175,2.5,0.5462
Sparse and Compressive Sensing Techniques,2019,61,179,40,118,0.04028197381671702,0.211864406779661,2.9152542372881354,0.933958951769925,1.0,0.0705021421870744,3.0,1.3862943611198906,0.03278688524590164,0.04323175053153792,0.329608938547486,2.670391061452514,0.9579946724950487,0.9915014164305948,3.1475409836065573,7.0,0.522805843648935
Sparse and Compressive Sensing Techniques,2020,53,166,61,179,0.04323175053153792,0.329608938547486,2.670391061452514,0.9579946724950487,0.9915014164305948,-0.4242021990362934,2.0,1.0986122886681096,0.05660377358490566,0.028251599147121536,0.41566265060240964,2.6867469879518073,0.9611286848182581,1.0,3.2641509433962264,4.0,0.6032240337058069
Sparse and Compressive Sensing Techniques,2021,52,174,53,166,0.028251599147121536,0.41566265060240964,2.6867469879518073,0.9611286848182581,1.0,-0.21542113732610435,1.0,0.6931471805599453,0.0,0.022757111597374178,0.27586206896551724,2.9080459770114944,0.9633332812573232,1.0,3.3846153846153846,1.0,0.6217948717948718
Sparse and Compressive Sensing Techniques,2022,40,140,52,174,0.022757111597374178,0.27586206896551724,2.9080459770114944,0.9633332812573232,1.0,-0.2394969658090127,0.0,0.0,0.05,0.017889087656529516,0.3357142857142857,3.914285714285714,0.8909476735158629,1.0,3.675,1.0,0.8521604938271605
Sparse and Compressive Sensing Techniques,2023,46,170,40,140,0.017889087656529516,0.3357142857142857,3.914285714285714,0.8909476735158629,1.0,-0.07647633748135174,0.0,0.0,0.021739130434782608,0.016564638098667626,0.3058823529411765,3.4705882352941178,0.9596192476260044,1.0,3.8260869565217392,0.0,0.8103864734299517
Statistical Methods and Inference,2019,28,77,14,39,0.014098690835850957,0.28205128205128205,2.1025641025641026,0.8792385484830458,0.0,0.33978270261588994,3.0,1.3862943611198906,0.0,0.019844082211197732,0.35064935064935066,2.25974025974026,0.9361870788743561,1.0,2.7857142857142856,6.0,0.46271585557299844
Statistical Methods and Inference,2020,30,101,28,77,0.019844082211197732,0.35064935064935066,2.25974025974026,0.9361870788743561,1.0,-0.21464307486186085,1.5,0.9162907318741551,0.0,0.015991471215351813,0.24752475247524752,3.0693069306930694,0.9208740894901145,1.0,3.4,3.0,0.5914089347079038
Statistical Methods and Inference,2022,24,89,19,58,0.008315098468271335,0.39655172413793105,2.5517241379310347,0.8867786705624547,0.0,0.2526112801843201,1.0,0.6931471805599453,0.0,0.01073345259391771,0.3258426966292135,3.168539325842697,0.9298325033952015,1.0,3.75,1.5,0.5865384615384616
Statistical Methods and Inference,2023,30,99,24,89,0.01073345259391771,0.3258426966292135,3.168539325842697,0.9298325033952015,1.0,0.006401450355464355,0.0,0.0,0.0,0.010803024846957148,0.32323232323232326,2.909090909090909,0.9236111111111115,1.0,3.3666666666666667,1.0,0.6710144927536232
Stochastic Gradient Optimization Techniques,2016,21,72,17,50,0.04415584415584416,0.36,2.36,0.9003160011490954,0.0,-0.15583389131827108,3.0,1.3862943611198906,0.0,0.03776978417266187,0.2638888888888889,3.7222222222222223,0.8526748971193416,0.9790209790209791,3.5714285714285716,7.0,0.5216450216450217
Stochastic Gradient Optimization Techniques,2017,34,102,21,72,0.03776978417266187,0.2638888888888889,3.7222222222222223,0.8526748971193416,0.9790209790209791,0.3051353718969212,4.0,1.6094379124341003,0.14705882352941177,0.05128205128205128,0.2647058823529412,2.9019607843137254,0.9275908951361783,1.0,3.235294117647059,9.5,0.6260045001607201
Stochastic Gradient Optimization Techniques,2018,59,180,34,102,0.05128205128205128,0.2647058823529412,2.9019607843137254,0.9275908951361783,1.0,0.14695478031677922,7.0,2.0794415416798357,0.11864406779661017,0.059415911379657606,0.3388888888888889,3.4444444444444446,0.9434256967828308,0.9881485383197258,3.457627118644068,12.0,0.5804118588858831
Stochastic Gradient Optimization Techniques,2019,72,234,59,180,0.059415911379657606,0.3388888888888889,3.4444444444444446,0.9434256967828308,0.9881485383197258,-0.15191844433012802,6.0,1.9459101490553132,0.1111111111111111,0.05102763997165131,0.3504273504273504,3.358974358974359,0.9569429771444771,1.0,3.4722222222222223,12.0,0.6028812218571254
Stochastic Gradient Optimization Techniques,2020,58,195,72,234,0.05102763997165131,0.3504273504273504,3.358974358974359,0.9569429771444771,1.0,-0.4997948275831572,5.5,1.8718021769015913,0.08620689655172414,0.03091684434968017,0.4358974358974359,3.476923076923077,0.9213595186587343,0.9996989312057806,3.6379310344827585,7.0,0.502435868158636
Stochastic Gradient Optimization Techniques,2021,87,285,58,195,0.03091684434968017,0.4358974358974359,3.476923076923077,0.9213595186587343,0.9996989312057806,0.20763466499832628,1.0,0.6931471805599453,0.034482758620689655,0.038074398249452954,0.3087719298245614,3.501754385964912,0.9642043343890382,0.9847718805941255,3.6551724137931036,2.0,0.7081213491614848
Stochastic Gradient Optimization Techniques,2022,84,273,87,285,0.038074398249452954,0.3087719298245614,3.501754385964912,0.9642043343890382,0.9847718805941255,-0.013378476313726573,1.0,0.6931471805599453,0.011904761904761904,0.03756708407871199,0.36996336996337,3.912087912087912,0.9529695609861591,0.9810866754844152,3.6666666666666665,1.0,0.7055697278911565
Stochastic Gradient Optimization Techniques,2023,57,207,84,273,0.03756708407871199,0.36996336996337,3.912087912087912,0.9529695609861591,0.9810866754844152,-0.6022464518282815,0.0,0.0,0.0,0.02052574720921858,0.34299516908212563,3.6908212560386473,0.943206529034336,1.0,3.8596491228070176,1.0,0.7026101839965768
Time Series Analysis and Forecasting,2024,23,118,12,57,0.004321209938782859,0.2982456140350877,4.526315789473684,0.84081485487651,0.0,0.9396312025744527,2.0,1.0986122886681096,0.34782608695652173,0.01121404193076548,0.1694915254237288,5.203389830508475,0.9181143531792882,1.0,5.217391304347826,,0.7075098814229249
Topic Modeling,2018,30,119,13,51,0.0196078431372549,0.3137254901960784,3.4901960784313726,0.8675672263603079,1.0,0.4305098453010521,7.5,2.1400661634962708,0.1,0.030211480362537766,0.2605042016806723,4.26890756302521,0.9157396449704144,1.0,4.2,21.0,0.45463917525773195
Topic Modeling,2019,32,118,30,119,0.030211480362537766,0.2605042016806723,4.26890756302521,0.9157396449704144,1.0,-0.28568961848993357,7.5,2.1400661634962708,0.25,0.022678951098511695,0.2711864406779661,3.983050847457627,0.9251607062019013,1.0,3.84375,21.5,0.8052612994350282
Topic Modeling,2020,49,280,32,118,0.022678951098511695,0.2711864406779661,3.983050847457627,0.9251607062019013,1.0,0.14066279651088465,9.0,2.302585092994046,0.32653061224489793,0.026119402985074626,0.18928571428571428,8.142857142857142,0.8162588488765771,1.0,5.877551020408164,18.0,0.8374027709291043
Topic Modeling,2021,48,219,49,280,0.026119402985074626,0.18928571428571428,8.142857142857142,0.8162588488765771,1.0,-0.21691560035180135,2.0,1.0986122886681096,0.20833333333333334,0.02100656455142232,0.2191780821917808,5.041095890410959,0.9372243226212975,1.0,4.708333333333333,6.0,0.7882866273352999
Topic Modeling,2022,88,559,48,219,0.02100656455142232,0.2191780821917808,5.041095890410959,0.9372243226212975,1.0,0.625601837348011,7.0,2.0794415416798357,0.3977272727272727,0.03935599284436494,0.19320214669051877,14.415026833631485,0.7696168461384496,0.9863854763268303,7.0227272727272725,11.5,0.837397044107459
Topic Modeling,2023,179,1045,88,559,0.03935599284436494,0.19320214669051877,14.415026833631485,0.7696168461384496,0.9863854763268303,0.49237884636698004,5.0,1.791759469228055,0.39664804469273746,0.06445804825351098,0.24784688995215312,8.191387559808613,0.9498683684720499,0.9970002695270707,6.340782122905028,9.0,0.735336213199077
Topic Modeling,2024,102,645,179,1045,0.06445804825351098,0.24784688995215312,8.191387559808613,0.9498683684720499,0.9970002695270707,-0.2589106924046294,1.0,0.6931471805599453,0.28431372549019607,0.04973183812774257,0.18604651162790697,7.36124031007752,0.9644830873525877,1.0,6.450980392156863,,0.7585104995434981
